专业,课程,课程类型,任务,操作流程,技能名,技能UUID,可观察能力要求,达成结果,对应能力编号,对应能力名称,可达等级,支撑强度
旅游管理（540101）,旅游学概论,理论认知类,旅游概念的内涵界定与属性辨析,,旅游定义与核心属性辨析能力,90ce3fd4-df81-4478-8fe1-313478b43ce9,能解释旅游的科学定义，能比较旅游与相关活动的区别，能判断某项活动是否属于旅游范畴。,能清晰界定旅游概念，准确识别其本质属性，无误判常见混淆场景。,,,,
旅游管理（540101）,旅游学概论,理论认知类,旅游活动的主体、客体及媒介要素识别,,旅游系统要素识别与关系构建能力,53faf613-fd9a-4144-95c0-831b997f4e23,能列举旅游活动的三大要素，能说明各要素的功能定位，能绘制简单的旅游系统要素关系图。,能准确对应主体、客体、媒介的具体实例，并阐释三者缺一不可的逻辑关系。,,,,
旅游管理（540101）,旅游学概论,理论认知类,现代旅游的基本特征与类型划分,,现代旅游特征归纳与类型划分能力,be7752e3-e879-45f7-ab2a-3a2f33d1bb74,能列举现代旅游的至少四个主要特征，能依据地理范围、目的、组织形式等标准对旅游进行分类。,能准确描述现代旅游发展趋势，并能对给定旅游案例进行多维度分类。,,,,
旅游管理（540101）,旅游学概论,理论认知类,旅游者产生的主客观条件分析,,旅游者形成条件综合分析能力,bfeaaa30-418e-4d23-bdd8-a0d25b9e3d2a,能列举旅游者产生的客观条件（收入、时间）和主观条件（动机、身体），能分析各条件对旅游行为的制约作用。,能解释为何特定人群无法成为旅游者，或预测潜在旅游群体的转化可能性。,,,,
旅游管理（540101）,旅游学概论,理论认知类,旅游者动机理论与心理机制解析,,旅游动机理论应用与解析能力,4e08d7f5-a173-4ef9-920e-552b6704d04b,能复述推-拉理论的核心观点，能利用马斯洛需求层次理论分析具体旅游行为背后的心理需求。,能深入剖析旅游者“为什么去”以及“为什么去那里”的心理逻辑。,,,,
旅游管理（540101）,旅游学概论,理论认知类,旅游者决策过程与行为模式认知,,旅游决策过程梳理与影响因素识别能力,d126288c-eb91-4dd2-9665-b4490321522e,能画出旅游决策的五阶段模型，能列举影响决策的主要内部和外部因素。,能针对特定旅游产品，分析目标客户群的决策痛点及影响因素。,,,,
旅游管理（540101）,旅游学概论,理论认知类,旅游业的产业性质与构成体系梳理,,旅游业产业特征认知与体系构建能力,b4f33930-3d7d-4244-8f33-101f23304710,能解释旅游业为何被称为“综合性产业”，能列举旅游业的主要构成部门及其关联性。,能清晰描绘旅游业的经济图谱，理解其与其他产业的联动效应。,,,,
旅游管理（540101）,旅游学概论,理论认知类,旅行社、饭店、交通等核心业态的功能定位,,核心旅游业态功能解析能力,a9234b98-cdd4-41db-a7b9-23484023f9ac,能阐述旅行社的中介与组装功能，能说明饭店的多重功能，能分析交通对旅游可达性的影响。,能针对不同业态的特点，提出相应的服务优化建议或功能改进方向。,,,,
旅游管理（540101）,旅游学概论,理论认知类,旅游供给与需求的市场平衡机制分析,,旅游供需矛盾分析与调节能力,989f0dca-5dfa-4cc8-881a-e0d8deef0f54,能对比旅游供给与需求的特征差异，能解释价格机制、信息引导等在平衡供需中的作用。,能针对旺季拥堵或淡季闲置现象，提出基于供需理论的解决思路。,,,,
旅游管理（540101）,旅游学概论,理论认知类,旅游资源的分类标准与核心价值评估,,旅游资源分类与价值评估能力,911100d9-574c-4011-bf7f-e58b732dc3b7,能运用《旅游资源分类、调查与评价》国标进行初级分类，能从多个维度评价资源价值。,能规范地对某一具体景观进行归类，并写出简要的价值评估报告。,,,,
旅游管理（540101）,旅游学概论,理论认知类,旅游资源开发的原则与可行性评价维度,,旅游开发原则应用与可行性预判能力,227a02d7-cb6c-4f3a-a892-a37ad4eea4c0,能列举开发原则，能针对具体项目指出其潜在的市场风险或工程难点。,能撰写简单的旅游资源开发可行性分析提纲。,,,,
旅游管理（540101）,旅游学概论,理论认知类,旅游资源可持续利用与生态保护关系辨析,,可持续旅游发展理念践行能力,0c5109b1-c99f-466c-b253-2d54d09830a0,能解释可持续发展在旅游中的含义，能提出平衡开发与保护的具体措施。,能在案例中识别不可持续的开发行为，并提出整改建议。,,,,
旅游管理（540101）,旅游学概论,理论认知类,旅游对目的地经济发展的带动与依赖机制分析,,旅游经济影响双面分析能力,b0b07b83-278e-4f84-a35d-71e13937f059,能列举旅游对经济的正面和负面影响，能解释“旅游漏损”现象。,能客观评价旅游在某地经济发展中的地位，不盲目夸大也不全盘否定。,,,,
旅游管理（540101）,旅游学概论,理论认知类,旅游对社会文化变迁的双重影响评估,,旅游社会文化影响评估能力,10cf2076-80ba-4673-ab7c-ee2481f73d3a,能解释示范效应、文化商品化，能列举旅游对社会文化的积极和消极影响。,能辩证看待文化交流中的冲突与融合，提出文化保护建议。,,,,
旅游管理（540101）,旅游学概论,理论认知类,旅游活动对生态环境的正负效应识别,,旅游环境影响识别与评价能力,f911088c-9b5b-451f-a35e-8570bbe96610,能列举旅游对水、气、声、生物的具体影响，能理解生态旅游的环保意义。,能现场识别旅游环境问题，并提出基本的环保对策。,,,,
旅游管理（540101）,旅游学概论,理论认知类,国际与国内旅游组织的职能与架构认知,,旅游组织体系认知能力,b23f5aee-5174-4070-ba8e-dd61d6f39200,能区分政府间组织与非政府组织，能说出UNWTO、PATA、CNTA等的简称及主要职能。,能准确匹配组织名称与其核心职能，了解其在行业中的作用。,,,,
旅游管理（540101）,旅游学概论,理论认知类,旅游政策制定背景与宏观调控作用分析,,旅游政策分析与解读能力,b44cd226-bfa9-4824-88de-a7f8c578d151,能列举常见的旅游政策类型（产业促进、市场监管、权益保护），能分析政策对市场的直接影响。,能解读最新旅游政策文件的核心精神，并预测其对行业的影响。,,,,
旅游管理（540101）,旅游学概论,理论认知类,旅游法律法规体系框架与规范效力理解,,旅游法律体系认知与规范应用能力,69bb3315-9171-43ce-80ce-6fcad9806d2e,能列举旅游法律体系的层级，能说明《旅游法》对旅游者、经营者、监管者的权利义务规定。,能识别旅游活动中的违法行为，并引用相关法律原则进行解释。,,,,
旅游管理（540101）,旅游学概论,理论认知类,全球旅游发展历程与阶段性演变规律梳理,,旅游历史演变脉络梳理能力,791caddd-9655-4171-a4c7-9e80066a5f95,能划分旅游发展的历史阶段，能说明各阶段的代表性事件和技术背景。,能绘制旅游发展时间轴，并标注关键里程碑。,,,,
旅游管理（540101）,旅游学概论,理论认知类,新技术背景下智慧旅游的发展形态认知,,智慧旅游技术应用场景识别能力,46b285e9-bd2a-412e-a72c-3ef281c6ebc4,能解释智慧旅游的定义，能举例说明新技术如何改变旅游体验和管理效率。,能描述一个典型的智慧旅游应用场景（如刷脸入园、智能导览）。,,,,
旅游管理（540101）,旅游学概论,理论认知类,未来旅游消费趋势与产业变革方向预测,,旅游趋势洞察与前瞻思维能力,838a877c-e5c8-4015-9dd5-ee9537209773,能列举至少三个未来旅游消费趋势，能解释“旅游+”产业融合的含义。,能撰写简短的未来旅游趋势预测报告摘要。,,,,
旅游管理（540101）,旅行社经营与管理,岗位应用类,旅行社设立条件分析与申请流程办理,设立资格自查与材料准备,设立条件合规性审查,129ee075-a1d2-4112-9354-df2cda034acf,能依据法规核对注册资本、经营场所、设施设备及人员资质是否达标,确认自身满足所有法定设立条件,,,,
旅游管理（540101）,旅行社经营与管理,岗位应用类,旅行社设立条件分析与申请流程办理,行政许可申请提交与审批跟进,行政审批申报操作,ee9573d8-4852-43c1-8479-ae3ace12c5bb,能正确填写申请书，上传电子版材料，并跟踪审批进度,成功受理并通过审批，领取许可证,,,,
旅游管理（540101）,旅行社经营与管理,岗位应用类,旅行社设立条件分析与申请流程办理,质量保证金存入与工商登记,质保金存入与证照变更,62c5c422-77d9-4ef1-82f7-70b1539b044c,能开设质保金专用账户并存入规定金额，完成工商后续登记,拥有合法的质保金存款证明及更新后的营业执照,,,,
旅游管理（540101）,旅行社经营与管理,岗位应用类,旅行社组织架构设计与岗位职责制定,业务职能分析与部门设置,组织架构规划能力,075503c9-6bf7-48bc-b21b-6c5b7df09a66,能根据业务规模和发展战略，设计合理的部门结构,产出初步的组织架构草案,,,,
旅游管理（540101）,旅行社经营与管理,岗位应用类,旅行社组织架构设计与岗位职责制定,岗位分析与说明书编制,岗位职责界定与文档编写,e0b8fb31-db64-46d4-ab94-5f137b79c387,能明确各岗位的工作内容、任职资格及考核指标，并撰写成文,完成全套岗位说明书,,,,
旅游管理（540101）,旅行社经营与管理,岗位应用类,旅行社分支机构管理与质量控制,分支机构设立备案与合规管理,分支机构合规设立与备案,64f87626-9ed3-46dd-8c3c-5373b3f0bd2e,能区分分社与服务网点的设立条件，并完成相应备案手续,取得分支机构营业执照及备案证明,,,,
旅游管理（540101）,旅行社经营与管理,岗位应用类,旅行社分支机构管理与质量控制,分支机构运营监控与质量督查,分支机构质量巡查与管控,f91a92da-1cea-4e18-acc0-406aa293f3e9,能制定检查计划，实地或远程检查分支机构的合同、账目和服务记录,发现并整改运营风险点,,,,
旅游管理（540101）,旅行社经营与管理,岗位应用类,旅游市场调研与需求分析,调研方案设计与实施,调研工具应用与数据采集,b4476697-5dc8-48f0-9829-1df8a03575e9,能设计问卷、选择抽样对象，并利用网络工具和实地走访收集数据,建立原始数据库,,,,
旅游管理（540101）,旅行社经营与管理,岗位应用类,旅游市场调研与需求分析,数据分析与需求洞察,数据统计与需求提炼,721ae8ca-d9e2-4da3-9c60-0ddf9691f8a9,能运用统计软件分析数据，识别用户痛点和未被满足的需求,形成有价值的市场洞察结论,,,,
旅游管理（540101）,旅行社经营与管理,岗位应用类,旅游线路规划与行程设计,线路主题策划与资源匹配,创意策划与资源整合,45bcced6-3d87-4f52-8e0b-39696c3757c3,能结合热点和资源特色，构思独特的线路主题，并筛选匹配的旅游资源,形成线路概念方案,,,,
旅游管理（540101）,旅行社经营与管理,岗位应用类,旅游线路规划与行程设计,行程编排与合理性校验,行程逻辑编排与优化,a8ddad26-40ea-4f27-a303-bba46282ec7b,能合理安排每日游览顺序、交通时间和餐饮住宿，确保行程顺畅,生成初版行程单,,,,
旅游管理（540101）,旅行社经营与管理,岗位应用类,旅游产品成本核算与定价策略制定,直接成本精确核算,成本构成分析与计算,504e4853-510b-4ce4-93b9-dca8d65c7e90,能逐项统计交通、住宿、餐饮、门票、导游等服务成本，并分摊固定成本,得出准确的单人保本价,,,,
旅游管理（540101）,旅行社经营与管理,岗位应用类,旅游产品成本核算与定价策略制定,定价策略选择与价格体系构建,市场导向定价应用,19d516c0-d1d9-4197-b93c-4c8a072c579c,能根据竞争状况、产品稀缺性及客户敏感度，选择成本加成、竞争导向或价值定价策略,确定最终对外售价,,,,
旅游管理（540101）,旅行社经营与管理,岗位应用类,旅游产品包装与推广方案策划,产品卖点提炼与视觉包装,营销文案撰写与视觉设计,d4f2cb27-f490-4b71-9f40-2e2e9ca4c69b,能提炼核心卖点，撰写吸引人的标题和正文，并配合美工完成视觉设计,完成一套完整的宣传物料包,,,,
旅游管理（540101）,旅行社经营与管理,岗位应用类,旅游产品包装与推广方案策划,渠道投放与推广执行,全媒体营销渠道运营,65c24677-e05b-4926-bc79-2ea0d33d5e8d,能选择适合的线上（OTA、社群、抖音）和线下渠道，制定投放计划并监控效果,达成销售目标,,,,
旅游管理（540101）,旅行社经营与管理,岗位应用类,供应商筛选、评估与合作谈判,供应商寻源与资质初审,供应商背景调查与资质审核,bb397612-fe55-42c4-8b35-f26639aa7f25,能通过公开渠道和行业推荐寻找供应商，并严格审核其合法经营资质,筛选出符合基本准入条件的供应商,,,,
旅游管理（540101）,旅行社经营与管理,岗位应用类,供应商筛选、评估与合作谈判,实地考察与合作谈判,商务谈判与合同签订,0e6595c7-2b92-46a0-8db5-f6298ebc816f,能就价格、服务标准、结算方式、违约责任等进行谈判，并起草严谨的合同,签署生效的合作协议,,,,
旅游管理（540101）,旅行社经营与管理,岗位应用类,交通、住宿及餐饮资源采购执行,资源预订与确认,日常采购订单处理,42e0b57f-a4ea-4e31-8867-6c534a3a295e,能根据接待计划，向供应商发送预订请求，并追踪确认结果,所有资源落实到位,,,,
旅游管理（540101）,旅行社经营与管理,岗位应用类,景区门票与地接服务采购管理,票务预约与地接委派,专项资源调度管理,29061ea2-dc85-49ab-84c1-296d54ead03f,能协调景区预约名额，审核地接社派出的导游资质,资源调度完毕,,,,
旅游管理（540101）,旅行社经营与管理,岗位应用类,采购合同管理与供应链关系维护,合同履行监控与结算,对账结算与履约评估,2dc9352d-7839-430f-ae78-fbc377169213,能定期与供应商对账，审核账单准确性，并按约定付款,完成财务结算,,,,
旅游管理（540101）,旅行社经营与管理,岗位应用类,采购合同管理与供应链关系维护,供应商绩效评估与关系维护,供应商绩效考核与分级,ff5747c2-2f58-4bb1-88e9-81c0b1b76945,能根据价格、质量、配合度等维度对供应商打分，实行优胜劣汰,形成新的供应商分级名单,,,,
旅游管理（540101）,旅行社经营与管理,岗位应用类,目标市场定位与营销渠道选择,市场细分与目标市场选择,STP战略应用能力,dff662e3-c042-443e-828b-8dd62b4afaae,能依据地理、人口、心理等变量细分市场，并选择最具潜力的目标市场,明确Target Audience,,,,
旅游管理（540101）,旅行社经营与管理,岗位应用类,目标市场定位与营销渠道选择,营销渠道组合与评估,渠道策略制定,d44a29fe-84db-4896-931e-56a02eba74fe,能评估直销、分销、OTA等渠道的优劣，构建混合渠道体系,渠道布局方案,,,,
旅游管理（540101）,旅行社经营与管理,岗位应用类,线上线下营销活动策划与实施,活动方案策划,营销创意与活动策划,c7a9de73-26db-42e4-8e46-27d423c32a92,能结合节日或热点，设计有吸引力的促销活动（如秒杀、满减、抽奖）,方案获批,,,,
旅游管理（540101）,旅行社经营与管理,岗位应用类,线上线下营销活动策划与实施,活动执行与监控,活动现场管控与应急响应,0026c6c6-7214-40be-bff6-91e79d004459,能协调各方资源，监控活动进程，及时处理技术故障或客诉,活动圆满结束,,,,
旅游管理（540101）,旅行社经营与管理,岗位应用类,客户咨询接待与销售技巧应用,需求探询与产品推介,顾问式销售技巧,0e60e6ae-6182-4c09-9267-639139bc45e0,能通过提问挖掘客户深层需求，并针对性推荐产品,客户意向明确,,,,
旅游管理（540101）,旅行社经营与管理,岗位应用类,客户咨询接待与销售技巧应用,异议处理与促成交易,成交促成技巧,202478c8-ce08-406a-bf37-acb2fcbf0271,能化解客户对价格、安全等方面的疑虑，并使用促单技巧完成签约,交易达成,,,,
旅游管理（540101）,旅行社经营与管理,岗位应用类,客户关系管理与忠诚度提升,客户档案建立与维护,客户信息管理与标签化,16b999fa-faab-43d1-a468-becbdb650810,能录入客户基本信息及消费偏好，并打上精准标签,客户画像清晰,,,,
旅游管理（540101）,旅行社经营与管理,岗位应用类,客户关系管理与忠诚度提升,会员关怀与忠诚度计划,会员运营与互动,5cfd94e6-e2fc-46cc-9a2d-00d4008a61b8,能设计积分、等级制度，并定期发送关怀信息,活跃度提升,,,,
旅游管理（540101）,旅行社经营与管理,岗位应用类,接待计划编制与任务下达,计划书编制,计调文书制作,3178b8c5-bbcd-473e-a414-1777967ccf23,能将销售合同转化为详细的操作指令，包含所有服务细节,计划书定稿,,,,
旅游管理（540101）,旅行社经营与管理,岗位应用类,接待计划编制与任务下达,任务下达与确认,内部沟通与调度,6a707bb9-7ad7-4e19-9cb8-b732b8ded43d,能将计划书发送给导游、司机、供应商，并得到确认回复,任务分配完毕,,,,
旅游管理（540101）,旅行社经营与管理,岗位应用类,出团前准备事项检查与确认,最终行前核查,行前风控检查,e79e17f8-8947-4493-bd60-78b19e66b773,能在出发前24小时再次核对所有资源状态和游客证件,确认无误,,,,
旅游管理（540101）,旅行社经营与管理,岗位应用类,团队运行过程中的协调与监控,远程监控与支持,在途团队管控,b7827d35-0799-4958-a138-b4a124a32bad,能通过微信、电话与导游保持联系，监控行程进度,行程受控,,,,
旅游管理（540101）,旅行社经营与管理,岗位应用类,团队结束后的结算与资料归档,报账与归档,团队决算与档案管理,19bc4547-fb70-4e97-9c91-73b54469e35c,能收集导游报账单，核算团队最终利润，并将所有资料归档,结案,,,,
旅游管理（540101）,旅行社经营与管理,岗位应用类,旅游服务质量标准制定与监测,标准体系构建,服务标准制定,1c772bea-3e1e-4029-a481-187b0a8c542b,能依据国标和行标，结合企业实际，制定各环节的服务规范,标准发布,,,,
旅游管理（540101）,旅行社经营与管理,岗位应用类,旅游服务质量标准制定与监测,质量监测与改进,质量检查与PDCA循环,aab8430f-289a-4ff1-aed7-bed7b1ea3ff0,能定期检查服务执行情况，分析问题并提出改进措施,服务质量提升,,,,
旅游管理（540101）,旅行社经营与管理,岗位应用类,游客投诉受理与分析处理,投诉受理与安抚,投诉接待与情绪疏导,8b7f3aad-8331-4d1b-8e3b-6ef20932b411,能耐心倾听游客诉求，运用同理心安抚情绪，记录投诉要点,建立沟通基础,,,,
旅游管理（540101）,旅行社经营与管理,岗位应用类,游客投诉受理与分析处理,调查处理与反馈,投诉解决方案制定,45487a52-b7ed-454d-aba3-8e9a9da1099b,能调查真相，依据法规和合同提出合理的赔偿或补救方案,签署和解书,,,,
旅游管理（540101）,旅行社经营与管理,岗位应用类,突发事件应急预案制定与演练,预案编制,风险识别与预案编写,7684c7c6-2a02-4951-b549-c9ebc536c694,能识别常见旅游风险，制定针对性的处置流程和联络机制,预案发布,,,,
旅游管理（540101）,旅行社经营与管理,岗位应用类,突发事件应急预案制定与演练,应急演练与培训,应急演练组织,143be476-0b89-4cb1-9166-3f7e008cbf79,能定期组织模拟演练，检验预案可行性,演练报告,,,,
旅游管理（540101）,旅行社经营与管理,岗位应用类,旅游安全事故处理与保险理赔协助,事故应急处置,现场急救与报告,64257d5f-5ed2-4f7f-8194-c0cff158b764,能在事故发生第一时间启动预案，组织自救互救，并向上级和有关部门报告,局势可控,,,,
旅游管理（540101）,旅行社经营与管理,岗位应用类,旅游安全事故处理与保险理赔协助,保险理赔协助,理赔材料收集与申报,1a57ffa5-0e8c-42af-b7c4-b543f951b860,能协助游客收集病历、发票、事故证明等材料，向保险公司报案,赔款到账,,,,
旅游管理（540101）,智慧旅游技术应用,实操技能类,OTA平台产品上架与信息管理,产品信息梳理与素材准备,OTA产品要素提取与标准化整理,e41eb704-d9b3-49b7-bb06-edf86e2297a6,能根据原始旅游资源信息，提取并整理符合OTA平台要求的核心字段数据。,输出包含标题、卖点、价格、库存、政策等字段的标准化信息表。,,,,
旅游管理（540101）,智慧旅游技术应用,实操技能类,OTA平台产品上架与信息管理,后台系统配置与上架发布,OTA商家后台产品录入操作,30788239-3e39-4032-a0b0-20059c12417f,能熟练操作OTA商家后台（如携程Ebooking、美团民宿管家等），完成产品信息的系统化录入。,后台显示产品状态为“待审核”或“已上架”。,,,,
旅游管理（540101）,智慧旅游技术应用,实操技能类,景区票务系统配置与核销操作,票务规则与硬件联动配置,智能票务系统参数配置,40924e49-da12-4e09-9f20-34502efdbe89,能根据景区运营需求，在SaaS票务系统中配置票种、有效期、限购规则及验票权限。,新票种在测试环境中可正常生成二维码/身份证绑定信息。,,,,
旅游管理（540101）,智慧旅游技术应用,实操技能类,景区票务系统配置与核销操作,现场核销执行与异常处理,多介质票务核销操作,a09819b7-e03a-4241-8cc3-18d9032579dc,能熟练使用闸机、手持PDA或手机助手进行二维码、身份证、人脸等多介质的验票核销。,闸机开闸放行或手持机显示“验票成功”，系统记录核销时间。,,,,
旅游管理（540101）,智慧旅游技术应用,实操技能类,智慧导览系统内容维护与更新,POI数据采集与内容编辑,LBS点位信息采集与校准,fb028e85-e755-4c18-967c-e1ea3fcddf80,能使用GPS工具或地图拾取器获取准确的景点坐标，并采集配套的 multimedia 内容。,获得准确的经纬度坐标及配套的媒体素材。,,,,
旅游管理（540101）,智慧旅游技术应用,实操技能类,智慧导览系统内容维护与更新,CMS系统录入与前端发布,智慧导览CMS后台运维操作,f72ab350-ac2f-4785-b9eb-b7a1b0b724c2,能在内容管理系统中新增/修改POI，配置手绘地图图层关联，并发布更新。,手机端能搜索到新景点，点击图标可播放语音并显示详情。,,,,
旅游管理（540101）,智慧旅游技术应用,实操技能类,游客行为数据采集与清洗,多源数据抽取与整合,旅游业务数据导出与合并,1d2655d8-a33b-4bbc-8a3f-c0c95cdebb0f,能从票务系统、WiFi探针、公众号后台等导出原始数据，并使用Excel或Python进行初步合并。,生成包含所有源数据的原始合并表。,,,,
旅游管理（540101）,智慧旅游技术应用,实操技能类,游客行为数据采集与清洗,数据清洗与质量控制,异常值检测与缺失值处理,892839be-eb21-4985-af44-4577ea8bd7ca,能识别数据中的重复项、空值、异常极值，并进行合理的填补或删除处理。,缺失率低于阈值，无重复记录，格式统一的标准数据集。,,,,
旅游管理（540101）,智慧旅游技术应用,实操技能类,旅游客流监测与可视化报表制作,客流指标体系构建,旅游客流关键指标定义,9cab3a41-ed25-454c-a246-864581730f65,能根据管理需求，定义并计算瞬时客流、累计客流、平均停留时长、承载率等指标。,形成指标字典。,,,,
旅游管理（540101）,智慧旅游技术应用,实操技能类,旅游客流监测与可视化报表制作,可视化工具开发与部署,BI工具图表选择与看板搭建,f453b1e0-a487-4bc6-a2fe-c1a664e03503,能使用Tableau、PowerBI或ECharts等工具，选择合适的图表类型展示客流数据，并布局看板。,可交互的数字化大屏或网页报表。,,,,
旅游管理（540101）,智慧旅游技术应用,实操技能类,基于数据的旅游营销效果评估,营销数据追踪与归因,营销渠道数据埋点与追踪,ea17189e-c7a0-46f9-8595-04e2984b9ac7,能配置UTM参数或使用专属二维码，追踪不同营销渠道（抖音、小红书、OTA）的流量与转化。,各渠道独立的访问量（UV）、点击量（PV）及转化数据。,,,,
旅游管理（540101）,智慧旅游技术应用,实操技能类,基于数据的旅游营销效果评估,效果分析与ROI计算,营销ROI与转化漏斗分析,2027ceb9-d5b3-490b-b7ac-275801258525,能计算各渠道ROI，绘制转化漏斗，识别流失环节，并提出优化建议。,营销复盘报告。,,,,
旅游管理（540101）,智慧旅游技术应用,实操技能类,短视频旅游内容策划与制作,短视频创意策划与脚本撰写,旅游短视频脚本创作,e319a982-987c-44a8-9fd0-9fee8326f272,能根据景点特色，构思爆款选题，撰写包含景别、运镜、台词的分镜头脚本。,可执行的分镜头脚本。,,,,
旅游管理（540101）,智慧旅游技术应用,实操技能类,短视频旅游内容策划与制作,素材拍摄与后期剪辑,移动端/相机拍摄与剪辑软件操作,b54486c8-00ff-4aa9-8a53-fea34045da27,能使用稳定器、手机或相机拍摄高质量素材，并使用剪映/PR进行剪辑、调色、加字幕。,成品视频文件（MP4格式，1080P）。,,,,
旅游管理（540101）,智慧旅游技术应用,实操技能类,直播带货流程设计与现场执行,直播选品与脚本策划,直播货盘组合与话术设计,7c98816e-7332-4fe7-a29c-a892d22c2bf6,能设计引流款、利润款、形象款的组合策略，并编写对应的产品介绍与促单话术。,直播排品表与详细脚本。,,,,
旅游管理（540101）,智慧旅游技术应用,实操技能类,直播带货流程设计与现场执行,直播现场执行与控场,直播推流与现场互动控场,07bccb57-ca97-4897-aac9-90c666c3ffb5,能操作 OBS/手机推流，监控直播画面，实时回复弹幕，引导点赞关注与下单。,顺利完成直播场次，各项指标达标。,,,,
旅游管理（540101）,智慧旅游技术应用,实操技能类,私域流量社群运营与客户维系,社群架构搭建与引流,私域社群冷启动与规范化建设,d7647437-24c9-4c5c-a9da-8a40bced0da7,能设计社群价值主张，制定群规，设置欢迎语，并通过裂变工具或包裹卡引流用户入群。,社群建立，首批用户入驻，秩序井然。,,,,
旅游管理（540101）,智慧旅游技术应用,实操技能类,私域流量社群运营与客户维系,社群内容运营与转化,社群SOP执行与活动策划,6f835d69-7a68-4cb9-97cc-6715f446f963,能执行每日固定的内容推送SOP，策划签到、打卡、秒杀等活跃活动，引导转化。,用户活跃度高，产生正向GMV。,,,,
旅游管理（540101）,智慧旅游技术应用,实操技能类,自助服务终端设备调试与故障排除,硬件组装与系统环境部署,自助终端硬件连接与驱动配置,c96bdbcf-4987-4c6d-bb83-9556cea0981e,能正确连接打印机、读卡器、触摸屏等外设，安装Windows/Linux系统及专用驱动程序。,设备开机进入桌面，所有外设识别正常。,,,,
旅游管理（540101）,智慧旅游技术应用,实操技能类,自助服务终端设备调试与故障排除,常见故障诊断与维修,自助终端软硬件故障排查,e4c2725d-f2bf-4abd-b0e3-acfc0a6ff53f,能根据报错代码或现象，使用替换法、最小系统法诊断卡纸、黑屏、网络中断等故障。,故障消除，设备重新上线。,,,,
旅游管理（540101）,智慧旅游技术应用,实操技能类,VR/AR沉浸式体验项目部署与指导,VR/AR环境搭建与内容调试,VR/AR一体机内容部署与校准,9ad95db4-db65-4fbd-96fc-09377c75ffd2,能安装VR应用，设置电子围栏（Guardian System），校准手柄，调整IPD（瞳距）。,设备处于待客状态，体验内容加载成功。,,,,
旅游管理（540101）,智慧旅游技术应用,实操技能类,VR/AR沉浸式体验项目部署与指导,游客引导与安全监护,VR体验前宣教与过程监护,1e050c81-4c97-477d-b9e0-18622e506c80,能向游客讲解注意事项，协助佩戴设备，并在体验过程中实时监控游客状态。,游客满意离开，设备完好。,,,,
旅游管理（540101）,智慧旅游技术应用,实操技能类,智能安防与监控系统基础操作,监控平台基本操作与巡检,视频管理平台（VMS）客户端操作,0f76285a-08cd-421a-a590-a1bc3f838cc3,能登录监控中心，添加/删除摄像头，进行多画面分割预览，控制PTZ云台。,能独立调取任意点位实时画面。,,,,
旅游管理（540101）,智慧旅游技术应用,实操技能类,智能安防与监控系统基础操作,录像检索与证据导出,历史录像查询与备份导出,8a98ba3a-1376-4a9f-b37d-60fda2a3c091,能按时间、事件类型检索录像，截取关键片段，导出为MP4/AVI格式。,获得有效的视频证据文件。,,,,
导游（540102）,全国导游基础知识,理论认知类,中国历史发展脉络与朝代更替规律认知,,中国历史朝代顺序记忆与定位,4d0eb093-dab7-4e00-9098-132d47bc1554,能按时间顺序背诵并默写中国主要朝代名称及大致起止年份,能准确列出夏商周至清的主要朝代顺序，无遗漏或颠倒,,,,
导游（540102）,全国导游基础知识,理论认知类,中国历史发展脉络与朝代更替规律认知,,帝王纪年与年号识别,e749b02c-e73a-477d-8db9-4fcaf7bc1025,能解释干支纪年法原理，并能识别常见帝王年号对应的历史时期,能换算简单的干支年份，并能指出“康熙”、“乾隆”、“贞观”等年号所属朝代及皇帝,,,,
导游（540102）,全国导游基础知识,理论认知类,中国古代哲学思想与宗教文化体系认知,,儒家与道家思想核心辨析,74cad699-f0fc-458c-a039-cb0e7e448067,能比较儒家与道家思想的核心主张及其在社会生活中的体现,能准确概括“仁礼”与“道法自然”的区别，并举例说明其在建筑、文学中的体现,,,,
导游（540102）,全国导游基础知识,理论认知类,中国古代哲学思想与宗教文化体系认知,,四大宗教基本教义识别,491e32e3-f9f7-454e-8363-65cb3d647129,能简述佛教、道教、伊斯兰教、基督教的基本教义及在中国的传播特点,能区分四教的创始人、经典、标志性符号及主要节日,,,,
导游（540102）,全国导游基础知识,理论认知类,中国传统文学艺术与科举制度演变认知,,古代文学体裁与代表作关联,4d1b092d-9347-406d-8f0d-9a275dc44e14,能将唐诗、宋词、元曲、明清小说的代表作家与作品正确对应,能准确说出李白、杜甫、苏轼、曹雪芹等人的代表作及文学地位,,,,
导游（540102）,全国导游基础知识,理论认知类,中国传统文学艺术与科举制度演变认知,,科举制度层级与影响认知,8b46b2ba-2bb3-4abd-858a-c4d757b0fe6d,能解释科举考试四级制度（院试、乡试、会试、殿试）及对应功名,能清晰说明秀才、举人、进士、状元的获取途径及社会地位差异,,,,
导游（540102）,全国导游基础知识,理论认知类,中国自然地理格局与气候特征认知,,中国地势阶梯与地形区识别,11bda07f-765c-4048-a568-8b92cf030e70,能在中国地图上标识三级阶梯界线及主要地形区,能准确说出第一、二、三级阶梯的平均海拔及包含的主要高原、盆地、平原,,,,
导游（540102）,全国导游基础知识,理论认知类,中国自然地理格局与气候特征认知,,气候类型与旅游适宜性判断,2cdbeac1-ec88-4922-8166-f4b400e0e74e,能解释秦岭-淮河一线的地理意义及季风气候对旅游季节的影响,能说明南北方气候差异，并为不同季节推荐适宜的旅游目的地,,,,
导游（540102）,全国导游基础知识,理论认知类,中国主要水体景观类型与成因机制认知,,湖泊成因分类与实例匹配,15610d44-49d2-4c4c-9001-5d28fd8219d1,能根据成因对主要湖泊进行分类并举例,能区分构造湖、火山口湖、冰川湖、堰塞湖、潟湖，并对应典型湖泊,,,,
导游（540102）,全国导游基础知识,理论认知类,中国主要水体景观类型与成因机制认知,,瀑布与泉水景观鉴赏,f4c6266b-c8e8-43bd-a80d-63c15395477b,能解释瀑布形成的地质条件及名泉的分类,能说明黄果树瀑布、壶口瀑布的成因差异，区分冷泉、温泉、热泉,,,,
导游（540102）,全国导游基础知识,理论认知类,中国动植物资源分布与自然保护区体系认知,,珍稀动植物识别与分布定位,33f83b60-aed7-46d3-b87c-a375238f06d6,能列举“活化石”动植物及其主要保护区,能准确说出大熊猫、朱鹮、扬子鳄、银杉等的分布省份及保护级别,,,,
导游（540102）,全国导游基础知识,理论认知类,中国动植物资源分布与自然保护区体系认知,,自然保护区功能分区认知,bf5b862f-d21b-47fb-bba6-75adcc253fd2,能解释核心区、缓冲区、实验区的旅游活动限制,能明确告知游客哪些区域禁止进入，哪些区域可有限开展生态旅游,,,,
导游（540102）,全国导游基础知识,理论认知类,中国民族分布格局与人口结构特征认知,,民族分布特点阐释,ad6f17bc-157e-4606-a69e-304ee083527a,能解释“大杂居、小聚居”的含义并举例说明,能说明汉族遍布全国，少数民族主要分布在西南、西北、东北地区的格局,,,,
导游（540102）,全国导游基础知识,理论认知类,主要少数民族传统节日与礼仪习俗认知,,少数民族节日与活动匹配,6093a3e4-14b5-458e-a1bc-213d12b0aa70,能将节日名称、所属民族、活动内容正确对应,能准确介绍傣族泼水节、蒙古族那达慕大会、彝族火把节的时间及习俗,,,,
导游（540102）,全国导游基础知识,理论认知类,主要少数民族传统节日与礼仪习俗认知,,民族禁忌与礼仪规范遵守,d36a0c0e-8d6d-498d-9df3-7820d8bef668,能列举并遵守主要少数民族的饮食、行为禁忌,能在接待回族、藏族游客时避免触犯清真饮食禁忌或宗教礼仪禁忌,,,,
导游（540102）,全国导游基础知识,理论认知类,汉族及少数民族民间艺术与禁忌规范认知,,传统戏曲与工艺美术鉴赏,a1fcfdeb-6a05-42e7-83b3-b571ca508833,能区分京剧行当及主要地方戏种，识别四大名绣,能简述生旦净末丑的含义，说出苏绣、湘绣、粤绣、蜀绣的特点,,,,
导游（540102）,全国导游基础知识,理论认知类,中国古建筑结构形式与等级规制认知,,古建筑屋顶等级识别,94a376aa-2718-4e67-bac7-b893d808b96d,能按等级高低排列主要屋顶形式,能正确排序：重檐庑殿顶 > 重檐歇山顶 > 单檐庑殿顶 > 单檐歇山顶 > 悬山 > 硬山,,,,
导游（540102）,全国导游基础知识,理论认知类,中国古建筑结构形式与等级规制认知,,彩画与台基等级认知,15a10363-7726-4b15-bee9-0f1e4fb6db16,能区分和玺彩画、旋子彩画、苏式彩画的应用场景,能指出和玺彩画仅用于皇家宫殿坛庙主殿，苏式彩画多用于园林,,,,
导游（540102）,全国导游基础知识,理论认知类,中国古典园林造园手法与审美意境认知,,造园手法识别与应用分析,c314ac20-46d8-4dfe-8d3f-ea4f37880da1,能识别并解释借景、框景、漏景、抑景等手法,能在实景或图片中指出何处使用了借景（如颐和园借玉泉山塔），何处使用了框景,,,,
导游（540102）,全国导游基础知识,理论认知类,中国古代陵墓建筑形制与风水理念认知,,陵墓形制演变梳理,010e26f7-4fea-4d13-ad8d-75f1412d3769,能区分秦始皇陵、唐乾陵、明十三陵的典型形制特征,能说明“方上”（秦汉）、“以山为陵”（唐）、“宝城宝顶”（明清）的特点,,,,
导游（540102）,全国导游基础知识,理论认知类,佛教、道教教义体系与中国化演变认知,,佛教宗派与中国化特征辨析,16cfc2a4-c822-4530-b01d-5b0164339f9f,能解释禅宗“顿悟”思想及其对中国文人画、诗词的影响,能说明禅宗是中国化最彻底的佛教宗派，强调“直指人心，见性成佛”,,,,
导游（540102）,全国导游基础知识,理论认知类,伊斯兰教、基督教在华传播历史与现状认知,,宗教传播路径与现状描述,ee298733-9465-4d48-9027-d04624bf7b5b,能简述伊斯兰教在西北地区的分布及基督教在城市的发展,能正确说明回族、维吾尔族等十个少数民族普遍信仰伊斯兰教,,,,
导游（540102）,全国导游基础知识,理论认知类,宗教建筑布局特征与供奉对象识别认知,,佛寺布局与佛像识别,defdc28d-e636-418b-8468-1581dddbf8c5,能说明天王殿、大雄宝殿、藏经楼的中轴线布局及供奉对象,能指出天王殿供弥勒佛、韦驮、四大天王；大雄宝殿供释迦牟尼佛等,,,,
导游（540102）,全国导游基础知识,理论认知类,中国八大菜系风味特点与代表菜品认知,,八大菜系风味辨析,7bbfa5b9-2a45-461a-b425-e920be60213f,能比较“南甜北咸、东辣西酸”及各菜系具体味型,能准确说出川菜“百菜百味、麻辣鲜香”，粤菜“清淡鲜嫩、原汁原味”等特点,,,,
导游（540102）,全国导游基础知识,理论认知类,中国八大菜系风味特点与代表菜品认知,,代表菜品与产地对应,f646ae29-2e0a-4d05-adaa-6dc836e16126,能将名菜与其所属菜系及发源地正确对应,能列举东坡肉（浙菜）、烤鸭（鲁菜/京菜）、狮子头（苏菜）等,,,,
导游（540102）,全国导游基础知识,理论认知类,中国茶文化起源、分类与品鉴知识认知,,六大茶类分类与特征识别,c7183a59-fddd-4c88-b62e-2381ef8202dc,能根据发酵程度对六大茶类进行排序并描述色泽、香气特点,能区分绿茶（不发酵）、红茶（全发酵）、乌龙茶（半发酵）的关键差异,,,,
导游（540102）,全国导游基础知识,理论认知类,中国酒文化分类、酿造工艺与名酒品牌认知,,白酒香型与名酒匹配,6ce9f00a-eefc-4d24-8d8a-ca7cf1c7263b,能识别酱香、浓香、清香、米香等白酒香型及代表品牌,能准确说出茅台（酱香）、五粮液（浓香）、汾酒（清香）,,,,
导游（540102）,全国导游基础知识,理论认知类,中国主要风物特产产地、特征与鉴别标准认知,,陶瓷产地与品种识别,1f0da5c1-1842-4210-a48a-89444fec269c,能区分景德镇瓷器、宜兴紫砂、龙泉青瓷的特征,能说出“白如玉、明如镜、薄如纸、声如磬”形容的是景德镇青花瓷,,,,
导游（540102）,全国导游基础知识,理论认知类,世界遗产在中国的分类、分布与价值认知,,世界遗产类型判定,d2478d04-4ce2-40f1-91ce-17a1b1f60301,能根据遗产特征判断其所属类别（文化/自然/双重）,能正确分类泰山（双重）、九寨沟（自然）、长城（文化）,,,,
导游（540102）,全国导游基础知识,理论认知类,国家5A级旅游景区评定标准与典型代表认知,,5A景区标准要点掌握,ec3d7e94-741d-4fc8-8ed4-0877963ba58d,能简述5A级景区在游客中心、标识系统、厕所卫生等方面的硬性要求,能说明5A代表中国旅游景区的最高等级，强调服务质量与环境质量,,,,
导游（540102）,全国导游基础知识,理论认知类,国家级风景名胜区与旅游度假区功能定位认知,,两类区域功能差异辨析,32ae7860-d8a2-4463-8ee1-61ee77ffaeb9,能解释为何风景名胜区内限制大规模商业开发，而度假区鼓励配套设施建设,能准确表述风景名胜区重在“名”，度假区重在“闲”,,,,
导游（540102）,全国导游基础知识,理论认知类,香港特别行政区政治体制与经济特色认知,,香港经济与城市职能认知,be241435-e05b-488f-89ce-f565062ad880,能列举香港作为国际中心的主要职能及地标性建筑,能说明香港是自由贸易港，无关税，货币为港币，地标包括维多利亚港、金紫荆广场,,,,
导游（540102）,全国导游基础知识,理论认知类,澳门特别行政区历史沿革与博彩旅游业认知,,澳门文化特色与景点关联,a3c7c311-4ac3-4377-b115-d3985c343cbb,能解释澳门历史城区的世界遗产价值及博彩业对旅游的带动作用,能列举大三巴牌坊、妈阁庙等景点，说明其中葡合璧风格,,,,
导游（540102）,全国导游基础知识,理论认知类,台湾地区地理环境、社会文化与主要景点认知,,台湾文化与景点知识掌握,5025b82d-8993-475f-819c-1a87ac0c444e,能阐述台湾同胞与大陆同根同源的文化联系，介绍主要自然景观,能说明台湾居民多祖籍福建、广东，通用闽南语、客家话，信奉妈祖,,,,
导游（540102）,全国导游基础知识,理论认知类,亚洲主要客源国地理环境与文化习俗认知,,日韩泰礼仪禁忌识别,12bc703f-d1ff-43a9-8775-54b72af3d7a0,能列举日本鞠躬礼、韩国长幼有序、泰国头部禁忌等习俗,能在接待中避免触摸泰国人头部、递物使用双手等失礼行为,,,,
导游（540102）,全国导游基础知识,理论认知类,欧洲主要客源国历史传统与旅游偏好认知,,欧洲游客行为特征分析,0758a6fd-6e7b-4ebc-aee2-a9ea9857b550,能比较欧洲各国游客在饮食、购物、游览节奏上的偏好差异,能指出德国游客严谨守时、法国游客浪漫注重品味、英国游客绅士保守等特点,,,,
导游（540102）,全国导游基础知识,理论认知类,美洲及大洋洲主要客源国社会结构与礼仪规范认知,,美澳加新礼仪与禁忌掌握,b520a23b-0496-48f7-add7-0d344d1b33e4,能说明小费文化、个人隐私保护、野生动物保护等规范,能正确指导游客在美加澳新支付小费，不询问私人收入年龄,,,,
导游（540102）,导游业务,岗位应用类,接待计划研读与行程确认,计划信息提取与核对,接待计划书关键要素识读,e17a9f95-3c6a-460f-a883-9a3977d0ec9f,能准确识别并提取接待计划书中的团队基本信息、行程节点、服务标准及特殊要求,生成一份标记清晰、重点突出的《接待计划关键信息摘要表》,,,,
导游（540102）,导游业务,岗位应用类,接待计划研读与行程确认,资源落实与行程确认,接待资源联络与确认,f94adf5b-b806-4150-b03d-caf8d725229f,能通过电话联系相关单位，核实预订信息并获取确认回执,获得各协作单位的口头或书面确认，形成《资源确认记录表》,,,,
导游（540102）,导游业务,岗位应用类,行前物资与知识准备,导游实务物资筹备,带团必备物品清点与打包,254693af-17ac-4cc5-afb6-102ef97b394a,能根据行程特点和季节天气，完整列举并打包所需物资，确保无遗漏,形成整装待发的导游工作包,,,,
导游（540102）,导游业务,岗位应用类,行前物资与知识准备,针对性讲解内容备课,客情分析与讲解策略制定,f2dc2914-3e80-4542-b10b-cec735379b3c,能根据团队成员构成分析其兴趣点，调整讲解深度、风格及互动方式,完成《个性化讲解备课笔记》,,,,
导游（540102）,导游业务,岗位应用类,机场/车站接站服务实施,抵达前的迎候准备,接站点位部署与动态监控,00abcd51-b8dd-4edf-b982-4ea83770ff2a,能提前到达指定接站点，设置醒目标识，并实时监控航班/车次延误信息,处于最佳待接状态，掌握准确抵达时间,,,,
导游（540102）,导游业务,岗位应用类,机场/车站接站服务实施,认找团队与初步接触,团队识别与首印象建立,b5be83a2-de2f-4044-be03-fb43c58752ee,能迅速从人群中识别目标团队，主动上前问候，核实领队/全陪身份,与团队建立联系，确认“我是你们的导游”,,,,
导游（540102）,导游业务,岗位应用类,机场/车站接站服务实施,行李协助与登车引导,行李清点与登车组织,f70955ff-c608-4caf-a249-6d3bc3a2344e,能协助游客确认行李件数，引导游客有序行走，协助老弱病残孕登车,全员安全上车，行李放置妥当,,,,
导游（540102）,导游业务,岗位应用类,沿途风光与文化讲解,致欢迎词与城市初印象,欢迎词演讲与氛围营造,67c8d9f5-0c7c-4542-bc5a-ca938746646a,能自信、流畅地进行自我介绍、司机介绍、行程概述，并表达服务意愿,游客注意力集中，对导游产生信任，对城市产生期待,,,,
导游（540102）,导游业务,岗位应用类,沿途风光与文化讲解,沿途即时景观解说,车窗景观捕捉与即兴讲解,f38e9873-4967-4906-af0c-346357e87902,能敏锐发现窗外有代表性的景观，并结合知识库进行简短生动的解说,游客透过车窗了解城市风貌，打发旅途时间,,,,
导游（540102）,导游业务,岗位应用类,入住酒店协助与服务,抵店前的联络与准备,入住前置协调,83fcd679-80d4-4449-a68a-035cca877e41,能在抵达前15-20分钟联系酒店前台，通报团队到达信息，索取预分房单,前台做好准备，导游手中持有分房草表,,,,
导游（540102）,导游业务,岗位应用类,入住酒店协助与服务,现场办理与分房引导,入住手续办理与现场管控,fcf0d241-0b5c-4dff-b193-f247a2bbf26a,能有序组织游客在大堂等候，协助前台核验证件，准确分发房卡，处理突发房态问题,所有游客拿到房卡并知晓房间号,,,,
导游（540102）,导游业务,岗位应用类,入住酒店协助与服务,入住后告知与查房,店内宣讲与巡视,d7978fb6-853e-4904-a9c8-6e1b56453528,能清晰传达次日活动安排，巡视楼层处理遗留问题,游客明确明日安排，无遗留入住问题,,,,
导游（540102）,导游业务,岗位应用类,餐饮安排与特色推介,餐前确认与引导入座,餐厅对接与席位安排,047d3f25-ee3a-48e7-b6f2-fb68d3e06e05,能提前与餐厅确认菜单，抵达后引导游客入座，并特殊关照饮食禁忌者,游客落座，菜单上桌，特殊需求已落实,,,,
导游（540102）,导游业务,岗位应用类,餐饮安排与特色推介,席间服务与文化推介,餐桌文化讲解与服务巡视,c4b32b85-4c3a-4f1c-a245-c199693e4545,能简要介绍当地特色菜的历史典故、吃法，并在用餐期间巡视解决加菜、酒水等问题,游客了解饮食文化，用餐过程顺畅愉快,,,,
导游（540102）,导游业务,岗位应用类,景点导览路线规划,景区信息与现状研判,景区动态信息采集,6bbecb5f-09d7-4d26-8c63-670c6726511d,能通过多种渠道获取景区实时运营数据，判断最佳入园时间和路径,形成景区现状情报简报,,,,
导游（540102）,导游业务,岗位应用类,景点导览路线规划,个性化路线方案设计,游览动线设计与优化,0980388c-31f1-4c19-9075-cf810143ba95,能根据团队体力、兴趣及时间约束，绘制合理的游览路线图，做到不走回头路,形成《团队游览路线执行表》,,,,
导游（540102）,导游业务,岗位应用类,现场实景讲解与互动,定点讲解实施,实地景观解说与演绎,9b104ee4-1ba2-49e3-8ec7-7ac1a8bbc2b5,能结合实物景观，运用多种修辞手法和肢体语言，进行深入浅出的讲解,游客听得懂、喜欢看、有共鸣,,,,
导游（540102）,导游业务,岗位应用类,现场实景讲解与互动,游览过程中的伴随服务,移动中的引导与答疑,4360ae87-be4b-4e30-ba4a-71da6d708a42,能在行进中保持队伍完整，随时回答游客提问，提示脚下安全,队伍有序前进，疑问及时解答,,,,
导游（540102）,导游业务,岗位应用类,游客拍照与安全监护,拍照协助与取景指导,摄影辅助与取景建议,583cb46a-7c46-44cc-a3c7-51baaad51cd7,能推荐最佳拍照角度，协助游客使用自拍杆或三脚架，甚至亲自代为拍摄,游客获得满意的照片,,,,
导游（540102）,导游业务,岗位应用类,游客拍照与安全监护,安全隐患排查与监护,安全巡视与风险干预,33144fea-da62-47a6-9b6d-12506d039aea,能敏锐识别攀爬、涉水、拥挤等危险行为，并及时劝阻,消除安全隐患，游客行为规范,,,,
导游（540102）,导游业务,岗位应用类,游客走失寻找与处理,走失确认与信息收集,走失情况核实与初步研判,84941622-33f3-4d8e-ab81-d342508ac8dd,能快速清点人数，询问同行者，确定走失者身份特征及可能去向,形成《走失者特征信息卡》,,,,
导游（540102）,导游业务,岗位应用类,游客走失寻找与处理,多方联动搜寻,应急搜寻组织与协调,c3914e4a-3497-4b3a-b678-16c08bd8e165,能协调景区广播、安保、监控中心，并合理分配团队成员分头寻找,定位并找到走失游客,,,,
导游（540102）,导游业务,岗位应用类,游客走失寻找与处理,归队安抚与后续预防,心理安抚与防走失强化,48fa0a6a-8a3b-42e7-94d8-4b660f4dace3,能安抚走失游客及家属情绪，不责备，并加强后续防走失措施,团队氛围恢复和谐，安全措施升级,,,,
导游（540102）,导游业务,岗位应用类,常见疾病与受伤急救协助,病情/伤情初步评估,急救状况识别与分级,e536ac7e-c2c7-4412-97e3-b04243d2400a,能观察游客症状，区分轻微不适、急症与危重症，判断是否需要立即送医,确定处置等级（自行休息、送医、呼叫120）,,,,
导游（540102）,导游业务,岗位应用类,常见疾病与受伤急救协助,急救实施与送医协调,基础急救操作与送医协助,485c6272-3a4a-4ec1-947a-255a3c0983f7,能进行止血、包扎、CPR（若持证）等操作，并协调车辆送医，陪同办理挂号,游客得到专业治疗，费用单据齐全,,,,
导游（540102）,导游业务,岗位应用类,交通延误或变更协调,信息核实与预案启动,延误信息研判与决策,6402a80c-1fdf-43bd-88d3-e3cd5f41856c,能从官方渠道获取准确延误信息，评估对后续行程的影响，制定调整方案,形成《行程调整建议书》,,,,
导游（540102）,导游业务,岗位应用类,交通延误或变更协调,沟通协商与执行,变更沟通与情绪管理,9bea98a8-8c1d-484a-880e-6d4e1abd169a,能向游客清晰解释变更原因和方案，争取谅解，并处理退费等事宜,游客签字确认变更方案，情绪稳定,,,,
导游（540102）,导游业务,岗位应用类,游客投诉受理与化解,投诉倾听与共情,投诉接待与情绪疏导,9021af35-181b-4626-8905-b07410090b86,能耐心倾听游客抱怨，不打断、不辩解，运用共情技巧安抚情绪,游客情绪由激动转为平静，愿意沟通解决方案,,,,
导游（540102）,导游业务,岗位应用类,游客投诉受理与化解,问题解决与补偿,方案协商与补偿实施,24200073-2c64-4f3c-a57f-2da17ede4f8a,能根据投诉性质提出合理的补救措施和补偿方案，并与游客达成一致,游客签署和解确认或口头满意，投诉结案,,,,
导游（540102）,导游业务,岗位应用类,离店手续办理与行李清点,退房前准备与查房,退房引导与物品回收,f072ef12-d00c-4feb-93b5-024b81bd8510,能组织游客按时退房，回收房卡，提示检查遗留物品,所有房卡回收，游客携带全部行李到大堂,,,,
导游（540102）,导游业务,岗位应用类,离店手续办理与行李清点,行李交接与账务结算,行李监管与离店结算,fd0a26a2-07c3-4cbe-8f99-fe5e23998ed1,能监督行李搬运，核对件数，与前台结清杂费，办理离店手续,行李上车，账单清零，团队出发,,,,
导游（540102）,导游业务,岗位应用类,送站途中总结与致谢,行程回顾与意见征询,总结性讲解与反馈收集,d8fed7e7-e5c5-4ed8-897f-0e7fb1f5683d,能精炼总结行程亮点，感谢游客配合，并发放/回收意见表,完成行程总结，回收意见表,,,,
导游（540102）,导游业务,岗位应用类,送走游客后的收尾工作,财务报账与票据整理,带团账单编制与报账,2a75d2f2-1bda-49eb-a7f6-d3cae68990db,能分类整理所有发票、收据、签收单，填写报账单，向财务报账,财务审核通过，款项结清,,,,
导游（540102）,导游业务,岗位应用类,送走游客后的收尾工作,物品归还与工作总结,物资归还与复盘总结,484a6e68-7c3c-4456-9fb1-b5eb956ad046,能完好归还公司物资，撰写带团小结，记录特殊情况,物资入库，经验沉淀,,,,
导游（540102）,研学旅行策划与管理,综合拓展类,研学旅行概念界定与特征分析,概念溯源与内涵界定,研学旅行概念辨析能力,e9a456af-cdbd-44f7-b03a-68cd8bd48f61,能准确阐述研学旅行的定义，并能区分其与普通旅游、夏令营、修学旅行的异同,形成包含定义、核心要素及差异化对比的概念辨析文档,,,,
导游（540102）,研学旅行策划与管理,综合拓展类,研学旅行概念界定与特征分析,特征归纳与体系构建,研学旅行特征归纳能力,b77767f7-5dc4-4af5-997c-1434b621c8bc,能系统归纳研学旅行的教育性、实践性、公益性、安全性等特征，并解释其内在逻辑,形成研学旅行特征分析图谱及说明文档,,,,
导游（540102）,研学旅行策划与管理,综合拓展类,研学旅行相关政策标准解读,政策体系梳理与筛选,政策检索与筛选能力,5d6b4ab6-8427-4e6a-b3fb-6f84671fb12e,能全面检索国家、地方及行业层面的研学旅行相关政策，并按效力层级和主题进行分类,形成有效的研学旅行政策法规清单,,,,
导游（540102）,研学旅行策划与管理,综合拓展类,研学旅行相关政策标准解读,核心条款解读与应用转化,政策条款解读与合规转化能力,6d4e6571-b1a5-4a52-9b76-6de765170096,能精准提取政策中关于资质、安全、收费、课程内容等方面的强制性要求，并转化为业务操作中的合规检查点,形成研学旅行业务合规性检查清单,,,,
导游（540102）,研学旅行策划与管理,综合拓展类,研学旅行市场现状与发展趋势调研,调研方案设计与数据收集,市场调研设计与执行能力,84abd986-63a1-498e-930b-57bc97392d5f,能设计科学的调研问卷或访谈提纲，并通过多种渠道收集市场规模、竞争格局、用户需求等数据,完成数据收集并形成原始数据库,,,,
导游（540102）,研学旅行策划与管理,综合拓展类,研学旅行市场现状与发展趋势调研,数据分析与趋势研判,市场数据分析与趋势预测能力,829cdb8f-aa74-486b-a9f9-643327c30dc5,能运用统计工具对收集的数据进行处理，识别市场痛点与机会，并结合宏观环境预测未来发展趋势,撰写完成市场调研分析报告,,,,
导游（540102）,研学旅行策划与管理,综合拓展类,研学旅行资源分类与价值评估,资源普查与分类建库,研学资源识别与分类能力,ddde6e7d-f2da-4026-8eb0-4702587d3d4e,能依据国家标准或行业惯例，对自然、文化、科技、红色等资源进行准确识别与分类,建立区域研学资源基础数据库,,,,
导游（540102）,研学旅行策划与管理,综合拓展类,研学旅行资源分类与价值评估,资源教育价值评估,研学资源教育价值评估能力,0c69baeb-e8b8-46b5-af1a-00b953dfe271,能构建评估指标体系，从教育性、安全性、配套服务等维度对资源进行量化或定性评估,输出资源价值评估等级及推荐理由,,,,
导游（540102）,研学旅行策划与管理,综合拓展类,研学旅行主题提炼与目标设定,主题创意与提炼,研学主题策划能力,7ee9cb15-5bfe-4a67-8cc3-2fd703dab5e3,能结合资源特色、学生学段及社会热点，提炼出鲜明、独特且具有教育意义的研学主题,确定研学主题及其内涵阐释,,,,
导游（540102）,研学旅行策划与管理,综合拓展类,研学旅行主题提炼与目标设定,学习目标体系构建,研学目标设定能力,892687f2-3ed7-4658-ab5e-8ff8ee98a89a,能依据布鲁姆教育目标分类学或中国学生发展核心素养，制定清晰、可测量的知识、能力、情感态度价值观目标,形成分层级、可评价的目标体系,,,,
导游（540102）,研学旅行策划与管理,综合拓展类,研学旅行课程内容体系构建,课程结构规划,研学课程结构设计能力,89722091-f335-473d-9672-6828aadd92aa,能依据PBL（项目式学习）或探究式学习理念，设计行前、行中、行后一体化的课程结构,形成清晰的课程模块划分及逻辑关系图,,,,
导游（540102）,研学旅行策划与管理,综合拓展类,研学旅行课程内容体系构建,学习活动与任务设计,研学活动任务设计能力,8578ab0b-10d6-44e4-953b-c0f9465e7325,能设计具体、有趣、具有挑战性的学习任务单，引导学生主动探究,形成配套的学习任务单或工作页,,,,
导游（540102）,研学旅行策划与管理,综合拓展类,研学手册设计与开发,手册内容策划与编排,研学手册内容编辑能力,15adf12d-478f-4c0f-8549-5090ecd171a5,能将课程内容、安全须知、行程信息等整合成适合学生阅读的图文内容,完成手册的所有文字内容及图片选配,,,,
导游（540102）,研学旅行策划与管理,综合拓展类,研学手册设计与开发,视觉设计与排版制作,手册版面设计与美化能力,b8f19554-a5bb-4d2b-9008-4811e8438714,能运用设计软件进行版面布局，选择合适的字体、色彩和配图，提升手册的可读性和美观度,输出PDF或印刷版手册,,,,
导游（540102）,研学旅行策划与管理,综合拓展类,研学旅行线路要素分析与组合,线路节点筛选,研学节点甄选能力,52ee125e-d4cb-4426-98ab-351b9f7b13f8,能根据主题和目标，从资源库中筛选出合适的研学点，并考虑其空间分布,确定3-5个核心研学节点,,,,
导游（540102）,研学旅行策划与管理,综合拓展类,研学旅行线路要素分析与组合,线路逻辑组合,线路串联与优化能力,1ec5dff3-63c2-4a5b-b655-4f3de1e744ac,能运用线性、环形、放射形等结构将节点合理串联，形成流畅的游览学习路线,形成线路走向图及节点顺序,,,,
导游（540102）,研学旅行策划与管理,综合拓展类,研学旅行行程日程编排,时间块划分与分配,研学时间管理能力,0d66f976-ccd6-40b5-9ec2-6ba8daac522e,能科学划分一天的时间块，合理分配学习、用餐、休息、交通的时间比例,形成每日粗略时间框架,,,,
导游（540102）,研学旅行策划与管理,综合拓展类,研学旅行行程日程编排,日程细节完善与校验,日程可行性校验能力,c16b0cf3-f025-44d6-91eb-df2912670d73,能检查日程的逻辑冲突、时间紧迫性，并进行微调优化,输出最终版行程日程表,,,,
导游（540102）,研学旅行策划与管理,综合拓展类,研学旅行产品定价策略制定,成本构成分析与核算,研学产品成本核算能力,a7adf62e-77e5-4694-b4fe-61b7f372fcdc,能准确识别并计算研学产品的直接成本（食住行游学）和间接成本（管理、营销、税费）,得出单人保本成本价,,,,
导游（540102）,研学旅行策划与管理,综合拓展类,研学旅行产品定价策略制定,定价策略选择与价格制定,研学产品定价决策能力,1905fa62-a2b1-4c78-916b-d4b6ccd59588,能结合市场竞争、客户支付意愿及公益属性，选择适当的定价策略（成本加成、竞争导向、价值导向）,确定最终市场售价,,,,
导游（540102）,研学旅行策划与管理,综合拓展类,研学旅行产品方案整体编制,方案结构整合,产品方案整合能力,3916851d-f227-495a-a84e-806bd90e39c0,能将前述的任务成果（主题、课程、线路、日程、价格等）有机整合成一个逻辑严密的完整方案,形成方案初稿,,,,
导游（540102）,研学旅行策划与管理,综合拓展类,研学旅行产品方案整体编制,方案审核与美化,方案审校与呈现能力,94e80cf5-ed6c-4d77-ac73-da51a5fcbfd7,能对方案进行文字润色、排版美化，并检查逻辑漏洞,输出最终版PDF/纸质方案,,,,
导游（540102）,研学旅行策划与管理,综合拓展类,研学旅行目标客户群体画像分析,客户细分与特征提取,客户细分与画像构建能力,115390a0-bf97-4320-b4b9-dbf9fb59be94,能依据 demographics（人口统计）和 psychographics（心理特征）对客户进行细分，并构建典型画像,形成3-4个典型客户画像,,,,
导游（540102）,研学旅行策划与管理,综合拓展类,研学旅行营销渠道选择与策略制定,渠道评估与选择,营销渠道评估与选择能力,d23f9530-0b58-43de-80ef-aab0840fee0d,能分析各营销渠道（学校、OTA、自媒体、社群）的优缺点，并根据目标客户选择最佳组合,确定核心渠道与辅助渠道,,,,
导游（540102）,研学旅行策划与管理,综合拓展类,研学旅行营销渠道选择与策略制定,渠道运营策略制定,渠道运营策略制定能力,e28902f3-e09c-4c71-9866-2bb8d8ca1c5b,能针对不同渠道制定具体的内容投放、活动策划和合作机制,形成渠道运营执行表,,,,
导游（540102）,研学旅行策划与管理,综合拓展类,研学旅行 promotional 方案策划,推广主题与创意构思,推广创意策划能力,b8a084c4-a7b8-47b2-ad41-34c2466d038f,能结合节假日、开学季等节点，策划具有爆发力的推广活动主题,确定推广Slogan及核心创意,,,,
导游（540102）,研学旅行策划与管理,综合拓展类,研学旅行 promotional 方案策划,推广执行计划编制,推广执行规划能力,72d2db18-61a7-427b-be0a-83546797f95f,能制定详细的推广执行时间表、物料清单及预算,输出可执行的推广方案,,,,
导游（540102）,研学旅行策划与管理,综合拓展类,研学旅行客户关系维护与管理,客户触点管理与服务设计,客户触点服务能力,f8c0c0a4-8a9b-47a8-82de-78a77f7760e1,能识别客户旅程中的关键触点（咨询、报名、行前、行中、行后），并设计相应的服务动作,形成触点服务SOP,,,,
导游（540102）,研学旅行策划与管理,综合拓展类,研学旅行客户关系维护与管理,投诉处理与满意度提升,客户投诉处理与关系修复能力,dde28ca7-c925-4c40-a9b9-8d03763cc09e,能妥善处理客户投诉，将其转化为信任契机，并建立长效回访机制,形成危机公关与关系维护机制,,,,
导游（540102）,研学旅行策划与管理,综合拓展类,研学旅行行前准备与物资统筹,行前信息采集与确认,行前信息核查能力,03ba4332-f973-48b3-b41e-d96f6526f42a,能收集并核实所有参团学生的身份信息、健康状况、饮食禁忌等关键数据,形成最终参团名单及特殊需求备注,,,,
导游（540102）,研学旅行策划与管理,综合拓展类,研学旅行行前准备与物资统筹,物资采购与打包分发,物资统筹与管理能力,a9c17e24-626f-4b61-9abc-d64a26bad638,能根据行程和需求，清单化采购、清点、分装研学物资（手册、服装、药品、教具）,完成物资打包并移交带队老师,,,,
导游（540102）,研学旅行策划与管理,综合拓展类,研学旅行导师配置与团队协作,导师岗位匹配,研学导师选拔与配置能力,f13f32a5-f87f-4e07-8b07-6e0e7dd526d2,能根据师生比、专业背景、性格特质配置主讲导师、助教导师和生活导师,确定项目组人员构成,,,,
导游（540102）,研学旅行策划与管理,综合拓展类,研学旅行导师配置与团队协作,岗前培训与团建,团队协同与沟通能力,c4198462-f289-49b6-a0eb-bcfca1d037ca,能组织岗前培训，统一服务标准，明确应急预案中的分工,完成岗前交底,,,,
导游（540102）,研学旅行策划与管理,综合拓展类,研学旅行现场教学组织与引导,教学开场与情境导入,研学课堂控场与导入能力,2a37abfe-2e8c-4395-a8be-9208da545f11,能运用破冰游戏、故事讲述等方式快速吸引学生注意力，引出研学主题,完成课前导入,,,,
导游（540102）,研学旅行策划与管理,综合拓展类,研学旅行现场教学组织与引导,探究过程指导与干预,探究式学习引导能力,fe176f6b-d12e-43c5-af2f-32f13cbae9be,能在学生探究过程中提供适时支架，纠正偏差，鼓励创新，而不直接给答案,学生产出初步成果,,,,
导游（540102）,研学旅行策划与管理,综合拓展类,研学旅行生活服务与后勤保障,食宿行质量监控,后勤服务质量监控能力,aadeaeb8-1292-4170-bda7-b68ea946b976,能实时检查餐饮卫生、住宿安全、车辆状况，确保符合标准,无后勤事故,,,,
导游（540102）,研学旅行策划与管理,综合拓展类,研学旅行安全风险识别与评估,风险源辨识,风险源识别能力,d5dc7485-94c6-4e59-985d-90bc3698cb29,能全面识别交通、食品、设施、人际、自然灾害等方面的潜在风险,列出所有潜在风险点,,,,
导游（540102）,研学旅行策划与管理,综合拓展类,研学旅行安全风险识别与评估,风险等级评估,风险评估与分级能力,018ec5a4-26ca-4f0f-8ee4-5c5285b72eda,能依据发生概率和影响程度对风险进行分级（高、中、低）,形成风险等级表,,,,
导游（540102）,研学旅行策划与管理,综合拓展类,研学旅行安全预案编制,预案要素构建,应急预案编制能力,7dd34fc6-378e-4f2f-b52b-af6557b786d1,能针对高风险项编制具体的应急处置流程，包含组织架构、通讯联络、处置步骤,完成预案草稿,,,,
导游（540102）,研学旅行策划与管理,综合拓展类,研学旅行突发事件应急处置,即时响应与现场控制,突发事件现场处置能力,5efe4f75-b3ce-4112-907b-7a123195e38f,能在突发事件发生时保持冷静，迅速启动预案，隔离危险，救助伤员,人员安全，事态稳定,,,,
导游（540102）,研学旅行策划与管理,综合拓展类,研学旅行突发事件应急处置,事后报告与舆情应对,事故报告与沟通能力,da2b4999-d4b3-481c-8ff2-3b84e1088dc4,能按规定时限向上级主管部门和家长报告，并妥善应对媒体询问,完成上报,,,,
导游（540102）,研学旅行策划与管理,综合拓展类,研学旅行服务质量评价指标体系构建,评价维度确立,评价指标体系设计能力,591d9945-1351-4608-9bfc-684e726c34b6,能基于SERVQUAL模型或行业标准，构建包含安全性、教育性、服务性等维度的评价体系,形成指标库,,,,
导游（540102）,研学旅行策划与管理,综合拓展类,研学旅行服务质量评价指标体系构建,权重赋值与量表生成,指标权重设定能力,9798f882-c567-4048-ab54-fbaf196f83a7,能运用层次分析法等方法确定各指标权重，并生成 Likert 五级量表,可用评价量表,,,,
导游（540102）,研学旅行策划与管理,综合拓展类,研学旅行效果评估与反馈收集,数据采集与统计分析,评估数据收集与分析能力,c0c11e93-6d5d-4c7c-beb8-b6b5dc3dba7c,能发放回收问卷，统计满意度，分析开放式问题,数据分析结果,,,,
导游（540102）,研学旅行策划与管理,综合拓展类,研学旅行效果评估与反馈收集,成效综合评价,综合成效评价能力,7c15a318-a6e9-4416-824d-df9ad40ab185,能结合定量数据和定性反馈，对研学效果做出客观评价,评价结论,,,,
导游（540102）,研学旅行策划与管理,综合拓展类,研学旅行项目总结与档案 management,资料归档与整理,项目档案管理能力,843302aa-5f6d-4f87-9626-fb9172ab8ba0,能按照档案管理规范，收集合同、方案、照片、视频、反馈表等资料，分类归档,形成电子/纸质档案,,,,
导游（540102）,研学旅行策划与管理,综合拓展类,研学旅行项目总结与档案 management,经验总结与知识沉淀,项目复盘与知识管理能力,7ed078c5-07a7-4a55-8e92-0b1e06e893a5,能召开复盘会，总结经验教训，形成案例库，优化后续产品,复盘报告及改进计划,,,,
旅游管理与服务教育（540103）,教育学基础,理论认知类,辨析教育的概念内涵与外延,,教育概念的本质属性辨析,00be76b9-a76d-4df9-9f8e-e4e5f3c203e4,能解释,能准确陈述教育的质的规定性，即有目的地培养人的社会活动。,,,,
旅游管理与服务教育（540103）,教育学基础,理论认知类,辨析教育的概念内涵与外延,,广义与狭义教育的分类识别,98a95f3b-3182-4182-aa5a-ef9917c9a349,能分类,能准确区分广义教育（泛指一切增进人们知识和技能、影响人们思想品德的活动）与狭义教育（主要指学校教育）。,,,,
旅游管理与服务教育（540103）,教育学基础,理论认知类,探究教育起源的主要学说及其依据,,教育起源学说比较与分析,5fe9c939-f8c3-4092-8c6a-b9f4f221ad63,能比较,能清晰阐述生物起源说、心理起源说和劳动起源说的核心观点，并指出前两者的谬误及劳动起源说的科学性。,,,,
旅游管理与服务教育（540103）,教育学基础,理论认知类,分析教育的历史演变规律与发展趋势,,教育历史阶段特征识别,4afdae84-92fa-4da4-8b09-0b7a2ad94235,能识别,能准确对应原始社会、古代社会（奴隶/封建）、近现代社会的教育特征。,,,,
旅游管理与服务教育（540103）,教育学基础,理论认知类,阐释生产力对教育的制约与促进作用,,生产力对教育制约作用分析,3fb926ba-5719-41df-91ab-e868055b85cf,能解释,能列举生产力水平决定教育事业发展的规模和速度、人才培养规格和教育结构、教学内容、方法和组织形式的具体表现。,,,,
旅游管理与服务教育（540103）,教育学基础,理论认知类,分析政治经济制度对教育性质的决定作用,,政治制度对教育性质决定作用解析,7a913469-f431-4988-b37b-4b74ce928c4e,能分析,能准确指出政治经济制度决定教育的领导权、受教育的权利、教育目的和部分教育内容。,,,,
旅游管理与服务教育（540103）,教育学基础,理论认知类,探讨文化、科技人口等因素与教育的互动关系,,文化与教育互动关系阐释,e28e003c-b43a-4dcb-a594-ff3b123d99a4,能解释,能说明文化对教育的价值导向、内容选择影响，以及教育对文化的传承、选择、融合和创新功能。,,,,
旅游管理与服务教育（540103）,教育学基础,理论认知类,识别影响人身心发展的主要因素,,身心发展影响因素识别,3b116e97-6b38-4e05-968e-5d9fe958973f,能识别,能准确对应四大因素及其基本作用：遗传是生理前提，环境是外部条件，学校教育起主导作用，主观能动性是决定性因素。,,,,
旅游管理与服务教育（540103）,教育学基础,理论认知类,解析个体身心发展的基本规律,,身心发展规律与教育对策匹配,49fb3ad9-0cde-4f61-9d7d-0af9cf95dd06,能比较,能将顺序性、阶段性、不平衡性、互补性、个别差异性五大规律与循序渐进、针对性、抓关键期、扬长避短、因材施教等教育要求正确匹配。,,,,
旅游管理与服务教育（540103）,教育学基础,理论认知类,论证学校教育在人的发展中主导作用的机制,,学校教育主导作用机理阐释,c3de6d18-666d-4841-9c5d-25e79f00e9de,能解释,能从目的性、计划性、专业性、系统性等方面论证学校教育的主导地位，并指出其受制于家庭、社会及学生主观能动性。,,,,
旅游管理与服务教育（540103）,教育学基础,理论认知类,梳理教育目的的理论基础与价值取向,,教育目的价值取向辨析,c87c68d8-7800-412b-ac68-ac4a1224a929,能比较,能准确区分个人本位论（强调个人价值、天性）与社会本位论（强调社会需要、公民职责），并能评价其优缺点。,,,,
旅游管理与服务教育（540103）,教育学基础,理论认知类,解读我国教育目的的基本精神与构成要素,,我国教育目的内涵解析,f0c7cbc5-a630-4646-8a12-be01a5912a45,能解释,能完整复述我国教育目的，并解释‘德智体美劳全面发展’及‘社会主义建设者和接班人’的具体含义。,,,,
旅游管理与服务教育（540103）,教育学基础,理论认知类,分析现代学制的类型、建立依据及改革趋势,,学制类型识别与比较,53a8d5bd-c421-4141-b57b-bc72c725bd2e,能分类,能画出或描述三种典型学制结构图，并指出我国现行学制属于分支型学制。,,,,
旅游管理与服务教育（540103）,教育学基础,理论认知类,界定教师的职业角色、权利与义务,,教师角色与法律责任界定,b24861bd-99d9-484e-bcdd-241202676756,能识别,能说出教师作为传道者、授业解惑者、示范者、管理者、朋友、研究者等角色，并能列举至少3项权利和3项义务。,,,,
旅游管理与服务教育（540103）,教育学基础,理论认知类,剖析教师专业发展的阶段与核心素质结构,,教师专业素质结构分析,34c4a9b2-f150-45de-af63-6661d06e512d,能解释,能详细阐述教师应具备的本体性知识、条件性知识、实践性知识，以及教学设计、组织管理、反思研究等能力。,,,,
旅游管理与服务教育（540103）,教育学基础,理论认知类,阐释学生的本质属性与法律地位,,学生观与法律地位解析,cacdaa4a-28bb-4379-a2f8-7a31ffb85a55,能解释,能运用‘以人为本’的学生观分析教育案例，并能列举学生的受教育权、人身权等主要权利。,,,,
旅游管理与服务教育（540103）,教育学基础,理论认知类,构建新型师生关系的特征与互动模式,,新型师生关系特征阐释,6feaa431-65ee-4a4c-bf57-9accecda9743,能解释,能准确概括新型师生关系的四大特征，并能举例说明如何在教学中体现民主平等。,,,,
旅游管理与服务教育（540103）,教育学基础,理论认知类,辨析课程的定义、类型及主要理论流派,,课程概念与类型辨析,f1b11496-f499-47de-980c-85b7b01f9ee8,能分类,能区分正式课程与非正式课程，学科课程与活动课程，并能简述三大课程理论流派的核心主张。,,,,
旅游管理与服务教育（540103）,教育学基础,理论认知类,分析课程目标的来源、取向与表述方式,,课程目标分析与表述,a0048055-50d1-4658-a475-8b033cec36a7,能解释,能运用泰勒原理分析目标来源，并能使用ABCD法（对象、行为、条件、标准）表述具体的教学目标。,,,,
旅游管理与服务教育（540103）,教育学基础,理论认知类,探讨课程内容的选择原则与组织逻辑,,课程内容选择与组织分析,b78aa8b5-9c50-4265-aea7-33cc04bc0b82,能分析,能依据选择原则评判教材内容的适宜性，并解释直线式与螺旋式组织的区别。,,,,
旅游管理与服务教育（540103）,教育学基础,理论认知类,理解课程评价的主要模式与功能,,课程评价模式与应用,6d29b295-6320-493f-bfb6-94ab32dddb6d,能比较,能根据不同评价目的选择合适的评价类型，并简述泰勒目标评价模式的核心步骤。,,,,
旅游管理与服务教育（540103）,教育学基础,理论认知类,阐释教学的本质、任务及过程规律,,教学本质与规律阐释,e21b0990-9885-4fc3-817c-5b149e601fee,能解释,能准确表述间接经验与直接经验相结合、教师主导与学生主体相统一等四条规律，并能在案例中识别。,,,,
旅游管理与服务教育（540103）,教育学基础,理论认知类,解析主要教学原则的内涵与贯彻要求,,教学原则识别与应用,a9dabd86-f53d-435d-b666-33d45b968c34,能判断,能根据教学情境判断教师运用了何种教学原则，或指出违背了何种原则。,,,,
旅游管理与服务教育（540103）,教育学基础,理论认知类,比较常见教学方法的优缺点及适用情境,,教学方法选择与评价,53e328fb-eb16-47df-a32d-f0a9afab4bd0,能比较,能针对特定教学内容（如概念引入、技能训练）推荐最佳教学方法组合，并说明理由。,,,,
旅游管理与服务教育（540103）,教育学基础,理论认知类,分析教学组织形式的发展演变与基本类型,,教学组织形式辨析,4554c76f-7fb7-4840-ba95-8c9bc92eac76,能分析,能详细说明班级授课制的定义、优缺点，并区分作业、参观、辅导等辅助形式。,,,,
旅游管理与服务教育（540103）,教育学基础,理论认知类,界定德育的概念、意义与目标体系,,德育概念与目标体系解析,095e3bb7-55b0-4f89-968a-479504c0450c,能解释,能阐明德育包括政治、思想、道德、法治、心理健康教育，并指出德育是灵魂和方向。,,,,
旅游管理与服务教育（540103）,教育学基础,理论认知类,分析德育过程的规律与矛盾运动,,德育过程规律分析,f407e61c-85a2-4366-acec-29c632dee7ce,能分析,能解释为何德育不能一蹴而就，以及如何促进知情意行的协调发展。,,,,
旅游管理与服务教育（540103）,教育学基础,理论认知类,阐述德育原则的内容及实施策略,,德育原则应用,90a2b5d9-237e-4b1d-88e9-ad7d297e68f8,能判断,能针对学生违纪或思想问题，选择合适的德育原则进行处理。,,,,
旅游管理与服务教育（540103）,教育学基础,理论认知类,辨析常用德育途径与方法的特点,,德育方法选择与辨析,c19c77b7-e9ec-4c92-b698-7fa4b5ba930b,能比较,能根据德育目标选择最有效的方法，如培养行为习惯用实际锻炼，激发情感用陶冶教育。,,,,
旅游管理与服务教育（540103）,教育学基础,理论认知类,理解班集体的形成阶段与发展特征,,班集体发展阶段识别,333f6908-b411-4642-8999-76bf21cc079a,能识别,能判断班级当前所处的发展阶段，并采取相应的管理策略。,,,,
旅游管理与服务教育（540103）,教育学基础,理论认知类,分析班主任工作的主要内容与职责,,班主任工作职责解析,72c71438-4706-4ecd-9a60-e42ea3a71133,能解释,能全面概述班主任在班级管理、学生指导、家校沟通等方面的具体职责。,,,,
旅游管理与服务教育（540103）,教育学基础,理论认知类,探讨班级管理的基本原则与模式,,班级管理原则与模式应用,6c851280-b5f0-4693-aa26-be63ecaf411a,能分析,能运用马卡连柯的平行教育理论或民主管理理念分析班级管理案例。,,,,
旅游管理与服务教育（540103）,教育学基础,理论认知类,掌握教育研究的基本步骤与方法论,,教育研究流程与方法识别,aff7cb28-bd04-4d95-b3c5-252911a0f533,能解释,能列出教育研究的基本步骤，并简述观察法、调查法、实验法、个案法的适用范围。,,,,
旅游管理与服务教育（540103）,教育学基础,理论认知类,识别教育行动研究的特点与实施流程,,教育行动研究特征与流程解析,38ba85db-00dd-466f-8083-2685a4e52391,能解释,能区分行动研究与传统学术研究的不同，并能设计一个简单的行动研究循环。,,,,
旅游管理与服务教育（540103）,教育学基础,理论认知类,规划教师专业发展的路径与反思策略,,教师专业发展路径规划,7c95c794-babf-4a93-aa2c-a830449ab4b9,能解释,能制定个人专业发展规划，并运用波斯纳公式‘经验+反思=成长’指导自我提升。,,,,
旅游管理与服务教育（540103）,旅游教学法,综合拓展类,旅游职业教育学理与课程标准分析,旅游职业教育学理特征解析,旅游职业教育类型特征识别,e202bd18-e095-42d3-a5ed-5a685f91c703,能准确阐述旅游职业教育的跨界性、实践性及职业性特征，并区分其与普通高等教育的差异,能够清晰界定旅游职业教育的内涵与外延,,,,
旅游管理与服务教育（540103）,旅游教学法,综合拓展类,旅游职业教育学理与课程标准分析,旅游专业课程标准深度解读,课程标准要素拆解与分析,f9550903-61fd-4413-be1b-3df48de2ec1c,能依据教育部发布的旅游类专业教学标准，准确提取课程性质、目标、内容框架及实施建议,形成课程标准关键要素拆解图,,,,
旅游管理与服务教育（540103）,旅游教学法,综合拓展类,旅游专业学情分析与教学目标设计,旅游专业学生学情多维诊断,学情数据采集与分析,8b2fe026-8ed1-4730-848e-56d375c6ae9e,能运用问卷、访谈、测试等多种工具收集学生数据，并分析其对教学的影响,形成学情分析诊断报告,,,,
旅游管理与服务教育（540103）,旅游教学法,综合拓展类,旅游专业学情分析与教学目标设计,基于能力本位的教学目标设计,三维教学目标编制,ea2a443b-5460-42ab-8ef2-a29f0bc7a41f,能依据布鲁姆教育目标分类学，规范编写知识、技能、素养三类目标,形成规范的教学目标陈述,,,,
旅游管理与服务教育（540103）,旅游教学法,综合拓展类,旅游教学内容重构与教案编制,基于典型工作任务的内容重构,工作内容向教学内容转化,e1aaac45-ddf3-4868-9f58-b39a92f74978,能提取旅游企业典型工作任务，将其转化为适合教学的学习领域和学习情境,形成重构后的教学内容模块,,,,
旅游管理与服务教育（540103）,旅游教学法,综合拓展类,旅游教学内容重构与教案编制,规范化教案编制与优化,教案结构与要素设计,fe43bced-dd2a-408c-9c49-8d7f9f0ac1fa,能按照职业院校教案规范，完整编写教学进程、师生互动、时间分配及板书设计,一份可执行的标准教案,,,,
旅游管理与服务教育（540103）,旅游教学法,综合拓展类,旅游理论讲授与案例教学法设计,启发式理论讲授设计,理论知识的逻辑化与问题化呈现,b2a4aafe-6208-4955-9242-295f69a97def,能运用类比、图解、问题链等方法，将抽象旅游理论具象化、逻辑化,形成问题引导式的讲授脚本,,,,
旅游管理与服务教育（540103）,旅游教学法,综合拓展类,旅游理论讲授与案例教学法设计,典型案例筛选与研讨组织,案例教学法实施设计,eeba70da-bba3-413e-905c-50e5b63fb9b1,能甄选具有争议性或代表性的旅游案例，并设计有效的课堂研讨与点评环节,案例教学实施方案,,,,
旅游管理与服务教育（540103）,旅游教学法,综合拓展类,旅游情境模拟与角色扮演教学组织,高仿真服务情境创设,情境脚本编写与环境布置,94683351-b8bf-4658-a3d6-34a966a86b81,能根据教学目标编写包含突发状况的情境脚本，并利用实训室资源还原真实工作场景,情境模拟脚本与场景布置图,,,,
旅游管理与服务教育（540103）,旅游教学法,综合拓展类,旅游情境模拟与角色扮演教学组织,角色扮演过程管控与复盘,角色扮演组织与引导,420a6b4c-dd5f-467e-809e-d8078c1c9a90,能有效分配角色，监控表演过程，并在结束后引导学生进行自我反思与互评,角色扮演活动记录与复盘报告,,,,
旅游管理与服务教育（540103）,旅游教学法,综合拓展类,旅游项目驱动与任务导向教学实施,旅游综合项目设计与发布,项目任务书编制,bcc5cbdc-a635-411e-97d2-c9856cb8ef5a,能设计具有挑战性、开放性且符合行业规范的项目任务，明确交付物标准,项目任务书,,,,
旅游管理与服务教育（540103）,旅游教学法,综合拓展类,旅游项目驱动与任务导向教学实施,项目实施过程指导与监控,项目过程咨询与纠偏,d9c2b9df-93b0-4339-a579-2fa3ad5b85d6,能在学生遇到瓶颈时提供支架式帮助，监控进度，协调团队冲突,项目过程指导记录,,,,
旅游管理与服务教育（540103）,旅游教学法,综合拓展类,现代信息技术在旅游教学中的融合应用,数字化教学资源甄选与整合,数字化工具与资源应用,e2f04818-224a-4dfb-afa1-d61dfbcbb32c,能熟练运用VR全景、虚拟仿真软件、在线平台等资源辅助教学，解决传统教学痛点,数字化资源应用清单,,,,
旅游管理与服务教育（540103）,旅游教学法,综合拓展类,现代信息技术在旅游教学中的融合应用,数据驱动的教学互动与反馈,学习数据分析与即时反馈,5a47e85c-9b6c-4349-8c4a-61fd69898c60,能解读学习平台产生的行为数据（签到、答题正确率、观看时长），并据此调整教学,基于数据的课堂调整记录,,,,
旅游管理与服务教育（540103）,旅游教学法,综合拓展类,校内旅游实训室教学场景设计与管控,实训室职场化环境营造,实训室7S管理与文化植入,664e58d7-cbc2-49b2-a940-0873ec48e624,能按照企业7S标准整理实训室，并植入企业文化元素，营造职场氛围,达标实训室环境,,,,
旅游管理与服务教育（540103）,旅游教学法,综合拓展类,校内旅游实训室教学场景设计与管控,实训教学过程标准化管控,实训操作规程执行与监控,38cd68dd-7ef6-4e5d-8b7a-57e76bec5148,能严格按照SOP（标准作业程序）指导学生操作，并及时纠正违规行为,规范的实训操作记录,,,,
旅游管理与服务教育（540103）,旅游教学法,综合拓展类,校外旅游企业实习教学过程管理与指导,校企协同实习管理机制构建,实习协议与管理架构设计,60666d43-1ad5-4f90-8a34-7005af0a53d3,能起草规范的实习协议，建立校企导师双向沟通机制,实习管理组织架构与协议,,,,
旅游管理与服务教育（540103）,旅游教学法,综合拓展类,校外旅游企业实习教学过程管理与指导,实习生心理适应与职业指导,远程心理疏导与职业咨询,d9beaff2-6306-47f0-94f0-3781f9f61252,能识别实习生的心理危机信号，提供有效的心理支持和职业规划建议,心理辅导记录与干预方案,,,,
旅游管理与服务教育（540103）,旅游教学法,综合拓展类,旅游职业技能竞赛指导与训练策略,竞赛标准解析与选手选拔,竞赛技术文件对标分析,262d6239-8ff4-4208-9bb0-ebc6d0d5eca9,能深入解读技能大赛技术文件，提取评分细则中的关键得分点与失分点,竞赛考点拆解表,,,,
旅游管理与服务教育（540103）,旅游教学法,综合拓展类,旅游职业技能竞赛指导与训练策略,高强度刻意训练与心理调适,刻意训练计划实施,29839f4a-c5d3-4db6-a265-d6dd19bed8c2,能设计针对弱项的刻意训练方案，并进行全真模拟对抗,选手竞技状态巅峰,,,,
旅游管理与服务教育（540103）,旅游教学法,综合拓展类,旅游学生学业多元评价体系构建,多元化评价维度设计,评价指标体系构建,e5e39a6d-ebd0-451e-9222-be688588037e,能设计包含自评、互评、师评、企评的多主体评价方案，并确定各维度权重,多元评价权重表,,,,
旅游管理与服务教育（540103）,旅游教学法,综合拓展类,旅游学生学业多元评价体系构建,评价结果反馈与应用,评价数据分析与反馈,ebc420f9-b8ce-4e41-b0ff-f7ad8e98e2da,能分析评价数据，向学生提供个性化反馈，并向自身教学提供改进建议,学业分析报告,,,,
旅游管理与服务教育（540103）,旅游教学法,综合拓展类,旅游课堂教学质量诊断与听课评课,基于观察量表的课堂诊断,课堂观察与数据收集,69679663-4041-45bf-8923-d1ba844827d5,能运用LICC模式或其他观察工具，记录师生互动、时间分配、提问质量等数据,课堂观察原始数据,,,,
旅游管理与服务教育（540103）,旅游教学法,综合拓展类,旅游课堂教学质量诊断与听课评课,建设性评课与改进建议,评课沟通与建议提出,a513268a-04ec-4e67-a7bb-b693eedf6746,能运用“三明治”法等沟通技巧，既肯定亮点又指出不足，并提供具体改进策略,评课记录与改进共识,,,,
旅游管理与服务教育（540103）,旅游教学法,综合拓展类,旅游教学反思日志撰写与行动研究,结构化教学反思日志撰写,反思性写作与实践,91e5e517-1f3e-4642-9a6c-27c484545bf7,能运用ORID、KOLB等模型，定期撰写高质量的教学反思日志,教学反思日志集,,,,
旅游管理与服务教育（540103）,旅游教学法,综合拓展类,旅游教学反思日志撰写与行动研究,基于课堂问题的行动研究,微型行动研究实施,e6fb5bcd-bbb6-458e-9bbd-3f069b84b60e,能将教学痛点转化为研究课题，设计并实施改进方案，验证效果,行动研究报告或论文,,,,
旅游管理与服务教育（540103）,职业教育心理学,理论认知类,认知职校生身心发展的阶段性与特殊性,,辨析职校生身心发展的阶段性特征,f0390cc8-59ac-47c7-bc38-12c23ab8bb89,能解释,能清晰阐述职校生在生理成熟度、心理断乳期及社会化进程中的阶段性特点。,,,,
旅游管理与服务教育（540103）,职业教育心理学,理论认知类,分析职校生认知风格与学习类型的差异,,识别职校生的认知风格偏好,8752c1c1-1ebe-4590-9b98-10e70ce8dd61,能分类,能根据学生的信息加工方式，将其划分为场依存型/场独立型、冲动型/沉思型等类别。,,,,
旅游管理与服务教育（540103）,职业教育心理学,理论认知类,探究职校生自我意识与社会性发展的特点,,评估职校生自我意识发展水平,8db49b57-8b2f-4c4c-9be8-278e0b1f04ad,能判断,能识别职校生自我评价中存在的偏差（如过低自尊或过度防御），并解释其成因。,,,,
旅游管理与服务教育（540103）,职业教育心理学,理论认知类,阐释行为主义与建构主义在学习理论中的演变,,比较不同学习理论的核心主张,12e1842b-01f5-4ff6-b396-63604f1f74ac,能比较,能清晰列出行为主义、认知主义、建构主义的关键区别，并指出建构主义对职教改革的启示。,,,,
旅游管理与服务教育（540103）,职业教育心理学,理论认知类,解析技能形成过程中的心理机制与阶段特征,,诊断技能形成的阶段特征,236eee0d-23fb-49cf-bc0d-820ebb18b336,能识别,能准确判断学生处于操作定向、操作模仿、操作整合还是操作熟练阶段。,,,,
旅游管理与服务教育（540103）,职业教育心理学,理论认知类,辨析学习动机理论及其在职教情境下的适用性,,应用动机理论分析学习行为,e5b37d92-5ae8-4f56-b0e5-836c7d0a2928,能解释,能运用成败归因理论、自我效能感理论解释学生的厌学或进取行为。,,,,
旅游管理与服务教育（540103）,职业教育心理学,理论认知类,界定职教教师的角色定位与职业心理特征,,阐释职教教师的多重角色,1f24b33b-0ef6-4e66-8cce-706896c7d59c,能列举,能完整列出职教教师作为知识传授者、技能示范者、职业引导者、心理辅导者的角色职责。,,,,
旅游管理与服务教育（540103）,职业教育心理学,理论认知类,评估教师职业倦怠的成因、表现及影响机制,,识别职业倦怠的三维表现,cf23088e-e90d-4b80-a791-2564836e4b71,能识别,能依据马斯拉克倦怠量表（MBI）的三个维度（情绪衰竭、去个性化、低成就感）识别倦怠症状。,,,,
旅游管理与服务教育（540103）,职业教育心理学,理论认知类,认知教师心理健康维护的标准与调适原则,,应用心理调适策略,3b521928-7c15-4afa-9bff-7c88ff9c766d,能应用,能列举并演示至少三种适合教师的压力管理与情绪调节方法。,,,,
旅游管理与服务教育（540103）,职业教育心理学,理论认知类,分析职教课堂中师生关系的类型及其心理效应,,评判师生关系类型,a1d8f248-854b-42ee-ad89-4231366fe902,能分类,能依据勒温的领导作风理论，将师生关系划分为专制型、民主型、放任型，并分析其效应。,,,,
旅游管理与服务教育（540103）,职业教育心理学,理论认知类,探究班级群体结构、规范对个体行为的影响机制,,分析非正式群体的功能,97e25348-6dac-49d0-b3b2-b0ed56c3ad8a,能解释,能识别班级中的非正式群体（小圈子），并分析其对学生行为的正向或负向影响。,,,,
旅游管理与服务教育（540103）,职业教育心理学,理论认知类,认知职业学校人际冲突的心理根源与处理原则,,诊断人际冲突的心理根源,6b30ee1e-9950-4fb8-af01-a1c4f414b693,能判断,能识别冲突背后的归因偏差、沟通障碍或需求未被满足等心理因素。,,,,
旅游管理与服务教育（540103）,职业教育心理学,理论认知类,识别常见心理问题与精神障碍的基本特征与界限,,鉴别心理问题严重程度,f6c97607-4197-41ad-9424-165970174171,能区分,能依据病程、痛苦程度、社会功能受损情况，区分正常心理、一般心理问题、严重心理问题和疑似精神障碍。,,,,
旅游管理与服务教育（540103）,职业教育心理学,理论认知类,理解心理咨询与伦理规范在职业教育中的应用边界,,执行心理咨询伦理规范,6cce5661-fbce-4f4a-a74b-df0ee8c280e8,能判断,能准确判断何时应遵守保密原则，何时应突破保密限制（保密例外）。,,,,
旅游管理与服务教育（540103）,职业教育心理学,理论认知类,掌握心理危机干预的理论模型与基本流程逻辑,,实施心理危机干预六步法,549c5210-3086-423a-b4cb-da9632a0eadb,能应用,能按照吉尔兰德六步法（确定问题、保证安全、给予支持、提出变通、制定计划、得到承诺）进行模拟干预。,,,,
休闲服务与管理（540104）,休闲学概论,理论认知类,辨析休闲、闲暇、游憩及旅游的概念边界与内在联系,,概念内涵辨析能力,e8eb45a0-a376-43ba-84b5-cd9a5c668e18,能解释,能准确复述并解释四个概念的核心定义，指出其本质差异。,,,,
休闲服务与管理（540104）,休闲学概论,理论认知类,辨析休闲、闲暇、游憩及旅游的概念边界与内在联系,,概念关系构建能力,a3ee6750-7cd3-4de5-a98f-fbbb32c0441b,能比较,能绘制或口述四者之间的逻辑关系图，说明包含与被包含、时间与空间的关系。,,,,
休闲服务与管理（540104）,休闲学概论,理论认知类,阐释休闲的社会学、心理学及经济学多维定义,,多学科视角解读能力,439781e0-5c0f-496a-8a4f-2c5b7e6b5557,能解释,能分别从社会角色、心理状态、经济行为三个维度阐述休闲的定义。,,,,
休闲服务与管理（540104）,休闲学概论,理论认知类,解析休闲活动的核心属性与基本特征,,属性特征识别能力,940a7ba9-360d-41d0-8788-b5ffcb52cffb,能识别,能准确列出休闲的四大核心属性，并结合实例进行说明。,,,,
休闲服务与管理（540104）,休闲学概论,理论认知类,分析个体参与休闲行为的内在驱动力与外在诱因,,休闲动机分析能力,5fe3d215-da91-440d-8f2d-2229c2b5d5ba,能分析,能运用推拉理论框架，具体分析某一休闲案例中的推力（内在驱动）和拉力（外在诱因）。,,,,
休闲服务与管理（540104）,休闲学概论,理论认知类,探究休闲体验中的心流理论与满足感形成机制,,心流体验解析能力,28ae6498-78d7-41ca-91db-be10633db1ab,能解释,能阐述心流产生的条件（技能与挑战平衡），并说明其对休闲满意度的影响。,,,,
休闲服务与管理（540104）,休闲学概论,理论认知类,认知不同生命周期阶段的休闲需求差异与演变规律,,生命周期需求对比能力,bdc7dfd9-942a-4fa4-82fe-7828ca7f7e01,能比较,能列表对比各阶段休闲需求的核心差异，并总结演变规律。,,,,
休闲服务与管理（540104）,休闲学概论,理论认知类,识别休闲产业的核心构成要素与产业链条结构,,产业结构识别能力,cd33ac20-f387-4500-a4bf-e26c0c125506,能识别,能列举休闲产业的主要门类，并画出简单的产业链流程图。,,,,
休闲服务与管理（540104）,休闲学概论,理论认知类,评估休闲活动对区域经济发展的贡献指标与乘数效应,,经济指标解读能力,7fe8f683-8073-469c-8614-2fe43f849703,能解释,能说出GDP贡献、就业率、税收等指标，并通俗解释乘数效应。,,,,
休闲服务与管理（540104）,休闲学概论,理论认知类,分析休闲消费行为模式及其对市场供给的影响机制,,供需互动分析能力,c37654e1-d2a3-4795-9010-454eb8c36e74,能分析,能结合具体消费趋势（如体验式、定制化），分析供给侧的响应策略。,,,,
休闲服务与管理（540104）,休闲学概论,理论认知类,阐述休闲在促进社会和谐与社区构建中的功能作用,,社会功能阐释能力,1a172027-1d65-49c7-919c-8effa12ba74b,能阐述,能列举休闲对社区和谐的具体贡献点，如邻里互动、矛盾化解等。,,,,
休闲服务与管理（540104）,休闲学概论,理论认知类,解析休闲活动作为文化传承载体的价值体现,,文化价值解析能力,e04d4b21-8421-4f26-a590-b0fe84637c55,能解析,能结合具体案例，说明休闲活动对非物质文化遗产或传统习俗的保护与传播作用。,,,,
休闲服务与管理（540104）,休闲学概论,理论认知类,探讨休闲生活方式对社会阶层流动与文化认同的影响,,社会阶层与休闲关联分析能力,63cedb0e-7b69-46a4-945e-286b39bca301,能探讨,能简述不同阶层的休闲差异，并讨论休闲是否以及如何影响社会流动和文化认同。,,,,
休闲服务与管理（540104）,休闲学概论,理论认知类,认知休闲权利的社会公平性与伦理规范标准,,休闲伦理认知能力,b3a77d71-0034-43af-a4a7-4b87a17fbfce,能判断,能判断某项休闲行为是否符合伦理规范，并说明理由。,,,,
休闲服务与管理（540104）,休闲学概论,理论认知类,分析国家休闲政策导向及其对行业发展的规制作用,,政策解读与应用能力,45995de8-3840-458d-8318-d28f3362bf0c,能分析,能结合‘全民健身’、‘文旅融合’等政策，分析其对相关行业的具体影响。,,,,
休闲服务与管理（540104）,休闲学概论,理论认知类,研判数字化时代背景下休闲形态的演变趋势与创新方向,,趋势研判与创新能力,9cc4cdc7-5308-4e8e-b64c-b224d85f5ad4,能研判,能列举至少三种数字化休闲新形态，并分析其优势与局限。,,,,
休闲服务与管理（540104）,俱乐部运营与管理,岗位应用类,俱乐部市场调研与定位分析,调研方案设计与信息收集,制定调研计划与实施数据采集,5feba29a-015e-422b-bfd6-49aed5c8e4c7,能设计调研问卷，能运用线上线下渠道收集竞品信息与客户偏好数据,获取有效问卷不少于200份，整理竞品关键经营数据表,,,,
休闲服务与管理（540104）,俱乐部运营与管理,岗位应用类,俱乐部市场调研与定位分析,数据分析与定位策略制定,撰写市场定位分析报告,02d5ce93-8b76-497e-a816-4ba8f01362ae,能运用统计工具分析数据，能提炼核心卖点，能撰写逻辑严密的定位报告,完成《市场调研与定位分析报告》，并通过内部评审,,,,
休闲服务与管理（540104）,俱乐部运营与管理,岗位应用类,会员招募方案策划与执行,招募渠道规划与物料准备,策划全渠道招募推广方案,bfc5ebf9-c2cc-42be-9283-74820f37ee59,能根据目标客群选择合适渠道，能设计吸引人的促销政策，能统筹物料制作,形成可执行的《月度/季度会员招募执行方案》，物料到位率100%,,,,
休闲服务与管理（540104）,俱乐部运营与管理,岗位应用类,会员招募方案策划与执行,招募执行与销售转化,执行销售接待与签约流程,92c03e59-b1b6-48fa-b294-8e89244127de,能熟练讲解会籍权益，能处理客户异议，能规范办理入会手续,成功签署会籍合同，录入会员系统，收取款项,,,,
休闲服务与管理（540104）,俱乐部运营与管理,岗位应用类,会员档案建立与维护管理,会员信息采集与建档,规范化采集与录入会员信息,bd7e68fa-b8b3-4c1d-adec-be18610befc8,能引导客户提供完整信息，能准确分类标签，能确保数据隐私安全,会员档案创建成功，关键字段无缺失,,,,
休闲服务与管理（540104）,俱乐部运营与管理,岗位应用类,会员档案建立与维护管理,档案动态更新与维护,定期清洗与更新会员数据,0cd72e66-85d3-499a-a89b-4d43ae85653b,能识别沉睡会员，能记录互动轨迹，能修正错误数据,数据库准确率98%以上，沉睡会员被标记唤醒,,,,
休闲服务与管理（540104）,俱乐部运营与管理,岗位应用类,客户关系维护与满意度提升,常态化互动与关怀执行,实施分级会员关怀计划,d07c77bb-903a-4297-9edb-ab35bd9f80f0,能根据不同等级会员制定差异化关怀策略，能执行日常问候与活动邀请,核心会员月均互动次数≥2次，关怀覆盖率100%,,,,
休闲服务与管理（540104）,俱乐部运营与管理,岗位应用类,客户关系维护与满意度提升,满意度监测与服务改进,开展满意度调查与问题整改,b2cf4d32-2f05-4c14-a5d9-7fe43f433510,能设计满意度问卷，能分析差评原因，能协调部门落实整改,输出满意度分析报告，整改完成率100%,,,,
休闲服务与管理（540104）,俱乐部运营与管理,岗位应用类,常规活动项目规划与设计,活动主题构思与可行性评估,设计常规活动方案,fdf20c2e-d9f2-46d4-8c63-4b913e6d1dba,能结合节日或热点构思主题，能评估资源匹配度，能编制初步预算,通过初审的活动策划草案,,,,
休闲服务与管理（540104）,俱乐部运营与管理,岗位应用类,常规活动项目规划与设计,详细执行计划制定,编制活动执行SOP,b0584bd0-ce65-4655-8d2a-97d769a7c483,能细化每个环节的操作步骤，能明确岗位职责，能列出详细物资清单,发布最终版《活动执行手册》,,,,
休闲服务与管理（540104）,俱乐部运营与管理,岗位应用类,大型主题活动策划与预算编制,大型活动概念策划与招商方案设计,策划大型品牌主题活动,e7e5fc49-a5f7-4157-beec-9ae31e6456b8,能构思具有传播力的活动主题，能设计赞助商权益包，能编制详尽预算,通过董事会/管理层审批的策划全案,,,,
休闲服务与管理（540104）,俱乐部运营与管理,岗位应用类,大型主题活动策划与预算编制,资源整合与报批立项,执行大型活动立项与采购流程,3300bdd5-6051-4356-9fdf-fa863db59e99,能撰写立项报告，能进行供应商比价谈判，能协调跨部门资源,签订主要服务合同，立项流程归档,,,,
休闲服务与管理（540104）,俱乐部运营与管理,岗位应用类,活动场地布置与物料准备,物料采购与验收管理,执行物料采购与入库验收,29c7da6e-6518-4bba-9f93-5c09d885dd01,能对照清单采购，能检验物料质量，能规范入库保管,物料验收单签字确认，分类存放,,,,
休闲服务与管理（540104）,俱乐部运营与管理,岗位应用类,活动场地布置与物料准备,现场搭建与布置实施,监督现场搭建与环境布置,ec5e2e21-1d09-4aad-8c3c-e93b098304a9,能解读施工图纸，能监督施工质量，能调整现场细节,现场布置完毕，通过验收,,,,
休闲服务与管理（540104）,俱乐部运营与管理,岗位应用类,活动现场流程控制与应急处理,活动开场与流程推进,执行现场总控与调度,647a9bee-be0c-4afd-bf05-efc38b2376aa,能通过对讲机高效指挥各岗位，能把控活动节奏，能调动现场气氛,活动流程零延误，现场无混乱,,,,
休闲服务与管理（540104）,俱乐部运营与管理,岗位应用类,活动现场流程控制与应急处理,突发事件应急处置,启动应急预案与现场疏散,17de3529-c992-4a39-81c8-fb9ac7e9b40c,能识别危险信号，能果断启动预案，能组织有序疏散,险情控制，人员全部撤离或得到救治,,,,
休闲服务与管理（540104）,俱乐部运营与管理,岗位应用类,活动效果评估与总结复盘,数据收集与多维评估,开展活动多维度绩效评估,625237e4-5542-48a3-aeec-f4e0d9ed828b,能收集各类数据，能计算关键指标，能对比目标与实际差距,形成数据评估图表集,,,,
休闲服务与管理（540104）,俱乐部运营与管理,岗位应用类,活动效果评估与总结复盘,复盘会议与知识沉淀,组织复盘会议与撰写结案报告,3045e534-32b4-4c2f-ad24-c7fa15f20293,能引导团队反思，能提炼可复制的经验，能修订管理制度,发布结案报告，更新相关SOP,,,,
休闲服务与管理（540104）,俱乐部运营与管理,岗位应用类,前台接待服务规范与流程执行,迎宾与身份核验,执行标准化迎宾与核销流程,6ef85e10-2a96-4f47-88dc-38989b7ac35f,能使用标准礼貌用语，能快速识别会员身份，能熟练操作核销系统,会员顺利入场，访客完成登记,,,,
休闲服务与管理（540104）,俱乐部运营与管理,岗位应用类,前台接待服务规范与流程执行,咨询服务与物品寄存,提供信息咨询与寄存服务,eff6a8d3-6e05-455d-b4a1-3cb87de72f4c,能准确回答课程、设施等问题，能规范办理储物柜租借,客户满意离开前台，物品妥善存放,,,,
休闲服务与管理（540104）,俱乐部运营与管理,岗位应用类,设施设备日常巡检与维护管理,每日开机前巡检,执行设施设备例行巡检,51e32b55-4ced-4c43-8a39-cf5c44b23d53,能按照检查表逐项检查，能识别常见故障迹象，能记录异常情况,签署《每日巡检记录表》，故障设备挂牌停用,,,,
休闲服务与管理（540104）,俱乐部运营与管理,岗位应用类,设施设备日常巡检与维护管理,故障报修与维护跟进,处理设备故障与维修协调,72e3adfa-ce22-4205-9900-43210ea00e27,能初步判断故障类型，能联系供应商维修，能跟踪维修进度,设备恢复正常或明确修复时间,,,,
休闲服务与管理（540104）,俱乐部运营与管理,岗位应用类,环境卫生管理与安全巡查,日常清洁与消毒作业,监督与执行卫生清洁标准,3c30d652-cf82-4d2c-93da-6526df7f61e3,能制定清洁计划，能检查卫生死角，能规范使用消毒剂,通过卫生抽查，无投诉,,,,
休闲服务与管理（540104）,俱乐部运营与管理,岗位应用类,环境卫生管理与安全巡查,安全隐患排查与整改,实施全方位安全巡查,0f445767-e679-4671-978f-97de15912ee0,能识别消防通道堵塞、电线老化、可疑人员等隐患，能督促整改,隐患整改率100%,,,,
休闲服务与管理（540104）,俱乐部运营与管理,岗位应用类,投诉处理与服务纠纷化解,投诉受理与情绪安抚,运用同理心技巧处理初期投诉,ce043b72-06e5-4ddd-81cf-db7420aa4836,能倾听客户宣泄，能表达共情，能将客户引导至私密空间,客户停止大声喧哗，坐下交谈,,,,
休闲服务与管理（540104）,俱乐部运营与管理,岗位应用类,投诉处理与服务纠纷化解,方案协商与闭环反馈,制定并执行投诉解决方案,23ae1d23-7cbf-49d2-a1f2-61a65259f78c,能提出合理的补偿方案，能协调内部资源，能跟踪后续满意度,签署和解协议或口头确认满意,,,,
休闲服务与管理（540104）,俱乐部运营与管理,岗位应用类,岗位职责梳理与人员排班管理,岗位分析与职责界定,编写与优化岗位说明书,58a806e1-da09-4eac-b303-9b8f66db4ed2,能分析工作流程，能提炼关键职责，能设定考核指标,全员签署最新版岗位说明书,,,,
休闲服务与管理（540104）,俱乐部运营与管理,岗位应用类,岗位职责梳理与人员排班管理,科学排班与人力调度,编制最优排班计划,eaa86332-0a6a-4396-8a12-dadcd8c54b0b,能预测客流高峰，能平衡员工休息需求，能控制加班成本,排班表公布，无重大冲突,,,,
休闲服务与管理（540104）,俱乐部运营与管理,岗位应用类,员工入职培训与技能考核,入职引导与文化融入,实施新员工入职培训,4ff82e1a-2d1a-4d6e-bced-ce0719b16acd,能讲解企业文化与制度，能带领熟悉环境，能解答初期疑问,新员工完成入职学习，签署制度确认书,,,,
休闲服务与管理（540104）,俱乐部运营与管理,岗位应用类,员工入职培训与技能考核,岗位技能培训与考核,执行在岗训练(OJT)与技能通关,d9ff2b40-9733-4ceb-957a-cfde09b57b70,能示范标准操作，能纠正错误动作，能组织技能比武或考试,考核成绩合格，准予独立上岗,,,,
休闲服务与管理（540104）,俱乐部运营与管理,岗位应用类,团队绩效评估与激励机制实施,绩效指标设定与过程辅导,制定KPI与进行绩效面谈,197a175c-f486-47cb-8d7e-9079c6e77ee1,能分解部门目标至个人，能定期进行绩效反馈与辅导,签署绩效承诺书，中期偏差得到纠正,,,,
休闲服务与管理（540104）,俱乐部运营与管理,岗位应用类,团队绩效评估与激励机制实施,绩效考评与激励兑现,实施绩效评级与激励分配,b48f55f7-b6cb-4fa8-8253-6e88af36afdb,能客观打分，能计算奖金，能策划表彰活动,奖金到账，优秀员工受到表彰,,,,
休闲服务与管理（540104）,俱乐部运营与管理,岗位应用类,日常营收统计与财务报表制作,每日营收核对与入账,执行日结与资金归集,1d02021e-666c-4a65-85d1-b1204abada4a,能核对POS、微信、支付宝、现金流水，能编制日报表,日报表平衡，资金安全入库,,,,
休闲服务与管理（540104）,俱乐部运营与管理,岗位应用类,日常营收统计与财务报表制作,月度财务报表编制,编制月度经营管理报表,6f670ef8-b884-40ba-9325-b1cd7dec40d1,能归类成本费用，能计提折旧摊销，能分析盈利情况,报表通过审计或老板审核,,,,
休闲服务与管理（540104）,俱乐部运营与管理,岗位应用类,运营成本核算与控制,成本分类与归集,建立成本核算体系,94fa72b2-1042-49e2-839a-de7402cf566c,能区分固定成本与变动成本，能分摊间接费用,形成成本明细表,,,,
休闲服务与管理（540104）,俱乐部运营与管理,岗位应用类,运营成本核算与控制,成本分析与控制实施,执行成本控制专项行动,e0c02481-39ef-4760-ad72-9deb5eaefe79,能识别浪费环节，能制定节能降耗措施，能监控执行效果,成本节约额达标,,,,
休闲服务与管理（540104）,俱乐部运营与管理,岗位应用类,安全风险识别与应急预案演练,风险源辨识与预案编制,开展风险评估与预案编写,3f88d231-b933-4629-afcb-51cf108cbf17,能识别潜在风险，能评估风险等级，能编写可操作的应急预案,预案备案，风险告知到位,,,,
休闲服务与管理（540104）,俱乐部运营与管理,岗位应用类,安全风险识别与应急预案演练,应急演练实施与评估,组织与评估应急演练,d6d318d8-9b93-46bb-ab34-2b4eb5f730fb,能策划演练脚本，能指挥演练过程，能评估演练效果,演练总结报告，整改清单,,,,
休闲服务与管理（540104）,户外运动组织与管理,岗位应用类,户外市场调研与客户需求分析,市场环境与竞品调研,户外市场信息搜集与整理,0766f97b-9afd-4816-8a93-e08f265da612,能利用网络渠道、行业报告及实地走访搜集市场信息，并能对数据进行分类整理,形成结构清晰的《市场基础数据表》,,,,
休闲服务与管理（540104）,户外运动组织与管理,岗位应用类,户外市场调研与客户需求分析,客户画像构建与需求挖掘,客户需求访谈与分析,c17cbfda-9857-43bb-9f83-e8490157a606,能设计调研问卷或访谈提纲，能通过沟通挖掘客户显性及隐性需求,形成详细的《客户用户需求清单》,,,,
休闲服务与管理（540104）,户外运动组织与管理,岗位应用类,户外运动线路规划与设计,线路勘察与可行性评估,地形图判读与线路初选,b749f788-64f8-4f93-9ba1-927661815b33,能使用等高线地图、卫星影像识别地形地貌，能初步规划符合难度等级的线路走向,形成初步的线路轨迹草稿,,,,
休闲服务与管理（540104）,户外运动组织与管理,岗位应用类,户外运动线路规划与设计,线路细节深化与标识设置,线路节点规划与路标设计,6a8ec0ab-4798-4af4-814e-dccadedc00fd,能合理设置休息点、观景点和紧急撤离点，能设计清晰的路标指引系统,形成含节点说明的完整线路书,,,,
休闲服务与管理（540104）,户外运动组织与管理,岗位应用类,活动方案编制与预算制定,活动流程编排与内容设计,活动日程与流程设计,06e15b7a-cf4e-4375-9637-c45281f6ee91,能根据活动目标编排合理的時間表，能设计串联各环节的逻辑流程,形成分钟级的《活动执行流程表》,,,,
休闲服务与管理（540104）,户外运动组织与管理,岗位应用类,活动方案编制与预算制定,成本核算与报价制定,活动成本精算与定价,35fa9fc1-ad18-458e-8745-6dfc28231e67,能识别所有显性与隐性成本，能根据市场策略制定合理报价,形成批准的《活动预算与报价单》,,,,
休闲服务与管理（540104）,户外运动组织与管理,岗位应用类,户外装备选型、采购与维护管理,装备需求分析与选型采购,专业户外装备鉴别与选型,97063992-c8bc-4183-be35-61f56d049040,能根据活动类型和环境条件选择符合认证标准的装备，能识别假冒伪劣产品,形成《采购清单》及合格入库装备,,,,
休闲服务与管理（540104）,户外运动组织与管理,岗位应用类,户外装备选型、采购与维护管理,装备仓储与维护管理,装备日常维护与报废判定,f4648da5-2476-461f-ab7d-62ffd2959a5b,能执行装备的清洁、干燥、存放操作，能准确判断装备是否达到报废标准,装备完好率保持在95%以上，无带病出库,,,,
休闲服务与管理（540104）,户外运动组织与管理,岗位应用类,营地选址建设与后勤物资调配,营地勘察与选址定点,营地安全选址评估,21cc920b-10bc-4d13-a056-4ca5f21f038d,能识别营地周边的自然灾害隐患，能选择地势平坦、排水良好的扎营区域,确定营地中心点及安全警戒线,,,,
休闲服务与管理（540104）,户外运动组织与管理,岗位应用类,营地选址建设与后勤物资调配,物资调配与营地搭建,后勤物资统筹与现场布置,79498462-9064-42cc-ac12-50b5cec3d09b,能根据人数和天数计算物资用量，能指挥团队高效完成营地搭建,营地具备入住和餐饮条件,,,,
休闲服务与管理（540104）,户外运动组织与管理,岗位应用类,交通接驳与食宿安排协调,车辆调度与行程监控,包车服务管理与安全监控,50581531-5cdc-4be6-a938-bcc940de5b77,能审核承运商资质，能监控司机驾驶行为，能处理交通突发状况,全员安全准时抵达目的地,,,,
休闲服务与管理（540104）,户外运动组织与管理,岗位应用类,交通接驳与食宿安排协调,餐饮预订与现场服务协调,团体餐饮安排与质量监督,cb0dd565-ab1d-41c5-bb7a-01e041ee06a8,能根据预算和口味偏好预订菜单，能现场监督食品卫生和服务质量,用餐过程顺畅，无食品安全事故,,,,
休闲服务与管理（540104）,户外运动组织与管理,岗位应用类,行前说明会与团队破冰组建,行前安全教育与须知告知,行前Briefing主持与互动,c8af9aaf-3f19-4a02-b7a1-51efcdaef751,能清晰传达关键安全信息，能有效解答学员疑问，能调动现场气氛,完成全员安全宣教，签署知情同意书,,,,
休闲服务与管理（540104）,户外运动组织与管理,岗位应用类,行前说明会与团队破冰组建,团队破冰与文化营造,破冰游戏引导与控场,c47f8659-9363-426d-abdd-d22a3ee43096,能根据团队特点选择合适的破冰游戏，能处理冷场或冲突尴尬局面,团队氛围活跃，成员相互认识,,,,
休闲服务与管理（540104）,户外运动组织与管理,岗位应用类,运动技能指导与活动流程控场,运动技术动作分解教学,户外运动技能示范与纠错,2331c6df-5029-4878-9dfe-5258060b9216,能规范演示技术动作，能发现学员错误动作并给予针对性指导,学员动作达标，无错误习惯养成,,,,
休闲服务与管理（540104）,户外运动组织与管理,岗位应用类,运动技能指导与活动流程控场,活动节奏把控与现场调度,大型团队行进管理与控场,c1fcf611-a4dd-4378-aaad-e0e1c64bbfd3,能运用队形变换、信号指令管理团队行进，能动态调整活动节奏,队伍安全有序抵达各节点,,,,
休闲服务与管理（540104）,户外运动组织与管理,岗位应用类,突发事件应急处置与救援协调,险情识别与紧急响应启动,紧急情况评估与决策,89cba284-1ee1-4cef-8279-93eca89f0f95,能在压力下快速收集信息，评估风险等级，做出停止活动或撤离的决策,明确应急响应级别及行动方案,,,,
休闲服务与管理（540104）,户外运动组织与管理,岗位应用类,突发事件应急处置与救援协调,现场急救与外部救援对接,野外急救操作与救援协同,5815b90b-b385-4b56-9558-743c727eed27,能实施止血包扎、固定搬运、CPR等急救操作，能与110/120/蓝天救援队高效对接,伤员生命体征稳定，移交专业医疗机构,,,,
休闲服务与管理（540104）,户外运动组织与管理,岗位应用类,户外环境风险识别与评估,风险源辨识与环境扫描,全方位风险因子扫描,46a01d98-2725-48c2-9d59-6178f051c019,能从人、机、料、法、环五个维度识别潜在风险,形成《风险源清单》,,,,
休闲服务与管理（540104）,户外运动组织与管理,岗位应用类,户外环境风险识别与评估,风险等级评估与对策制定,风险矩阵评估与管控策划,75438bd6-6d85-4468-b0d2-32987c7b0ba6,能使用风险矩阵评估风险等级，能制定针对性的工程技术或管理控制措施,形成《风险控制措施表》,,,,
休闲服务与管理（540104）,户外运动组织与管理,岗位应用类,安全预案制定与应急演练实施,专项应急预案编制,结构化应急预案撰写,8f5d972a-6e74-4723-9e5a-42e970c18fa2,能按照标准模板编写包含组织架构、处置流程、通讯联络的预案,发布正式版《安全应急预案》,,,,
休闲服务与管理（540104）,户外运动组织与管理,岗位应用类,安全预案制定与应急演练实施,桌面推演与实战演练,应急演练组织与评估,26340b9c-2863-4de5-9f6f-838768f9f303,能策划演练脚本，能组织实施演练，能对演练效果进行评估总结,形成《应急演练总结报告》及修订后的预案,,,,
休闲服务与管理（540104）,户外运动组织与管理,岗位应用类,活动过程安全监控与隐患排查,动态风险监测与巡视,全天候安全巡视与监测,0fadb423-6213-4cf3-b9fe-58bf89e9e320,能敏锐观察环境变化（天气、路况）和人员状态（体力、情绪），及时发现异常,形成《安全巡查记录》，隐患早发现,,,,
休闲服务与管理（540104）,户外运动组织与管理,岗位应用类,活动过程安全监控与隐患排查,隐患即时整改与干预,不安全行为干预与隐患处置,24570307-eee6-45b1-9db6-c1add168a663,能果断制止违规行为，能快速处置现场简易隐患,隐患消除，行为纠正,,,,
休闲服务与管理（540104）,户外运动组织与管理,岗位应用类,客户满意度调查与反馈收集,满意度问卷设计与分发,满意度测评工具设计,8e82f86b-1e13-4b8c-b16f-7a0c7cb2bcf0,能设计科学合理的问卷，选择合适的时机和方式分发,回收率达到80%以上的有效问卷,,,,
休闲服务与管理（540104）,户外运动组织与管理,岗位应用类,客户满意度调查与反馈收集,反馈分析与情感挖掘,定性定量数据分析,a55d47fa-9306-4a6d-b51e-ff2469a8098e,能统计评分数据，能从文本评论中提取情感倾向和关键词,形成《反馈分析摘要》,,,,
休闲服务与管理（540104）,户外运动组织与管理,岗位应用类,活动效果复盘与绩效评估,多维度绩效数据汇总,活动经营数据核算,623396da-e2ba-47af-b7b1-77092d31b52d,能准确核算营收、成本、利润，统计出勤率、事故率等运营指标,形成《活动经营数据报表》,,,,
休闲服务与管理（540104）,户外运动组织与管理,岗位应用类,活动效果复盘与绩效评估,GRAI复盘会议组织,结构化复盘引导,4345a61b-d9ac-42d7-aa9c-bd8271850459,能主持复盘会议，引导团队回顾目标、评估结果、分析原因、总结规律,形成《复盘行动改进计划》,,,,
休闲服务与管理（540104）,户外运动组织与管理,岗位应用类,档案整理与服务流程优化改进,项目档案归档管理,数字化档案整理与存储,9647bdce-7f68-4505-a6e1-d557541c104b,能收集散落在各处的文档、照片、视频，并按规范命名、分类存储,形成标准化的《项目档案包》,,,,
休闲服务与管理（540104）,户外运动组织与管理,岗位应用类,档案整理与服务流程优化改进,SOP迭代与知识库更新,标准作业程序(SOP)修订,6b590882-90af-4f9c-881c-7fba6633029f,能根据复盘结论修改原有SOP，能编写新的操作指引,发布新版《户外运动组织管理SOP》,,,,
